"RegionName","State","Metro","CountyName","SizeRank","2010-02","2010-03","2010-04","2010-05","2010-06","2010-07","2010-08","2010-09","2010-10","2010-11","2010-12","2011-01","2011-02","2011-03","2011-04","2011-05","2011-06","2011-07","2011-08","2011-09","2011-10","2011-11","2011-12","2012-01","2012-02","2012-03","2012-04","2012-05","2012-06","2012-07","2012-08","2012-09","2012-10","2012-11","2012-12","2013-01","2013-02","2013-03","2013-04","2013-05","2013-06","2013-07","2013-08","2013-09","2013-10","2013-11","2013-12","2014-01","2014-02","2014-03","2014-04","2014-05","2014-06","2014-07","2014-08","2014-09","2014-10","2014-11","2014-12","2015-01","2015-02","2015-03","2015-04","2015-05","2015-06","2015-07","2015-08","2015-09","2015-10","2015-11","2015-12","2016-01","2016-02","2016-03","2016-04","2016-05","2016-06","2016-07","2016-08","2016-09","2016-10","2016-11","2016-12","2017-01","2017-02","2017-03","2017-04","2017-05","2017-06"
"New York","NY","New York","Queens",1,,,,2400,2500,2500,2350,2437.5,2500,2450,2495,2200,2100,2400,2500,2500,2350,2300,2400,2300,2350,2425,2400,2400,2450,2495,2500,2500,2500,2520,2550,2595,2600,2600,2600,2595,2650,2613,2650,2699,2700,2645,2650,2700,2700,2650,2612,2600,2600,2600,2600,2650,2645,2300,2290,2295,2250,2275,2200,2200,2275,2295,2350,2375,2300,2250,2300,2300,2250,2200,2200,2200,2200,2200,2275,2300,2350,2350,2349.5,2399,2495,2400,2195,2250,2300,2300,2350,2353,2395
"Los Angeles","CA","Los Angeles-Long Beach-Anaheim","Los Angeles",2,,,,,,,,,1347.5,1350,1400,1350,1350,1395,1395,1400,1400,1350,1325,1295,1250,1250,1200,1280,1350,1399,1395,1425,1400,1395,1395,1450,1508,1500,1430,1450,1575,1588,1550,1550,1550,1485,1450,1495,1515,1355,1525,1495,1495,1450,1495,1595,1600,1650,1695,1707.5,1750,1733,1771,1757,1796,1795,1765,1795,1815,1805,1816.5,1850,1850,1855,1850,1991,1999,2020,2020,2000,1995,1959.5,1931.5,1995,1925,1942.5,1850,1963.5,2017,2095,2050,2050,2095
"Chicago","IL","Chicago","Cook",3,,,,,,,,,1395,1380,1400,1255,1295,1275,1300,1310,1390,1350,1304,1333,1325,1333,1381.5,1399,1349,1295,1275,1350,1400,1400,1415,1475,1500,1477,1500,1500,1600,1500,1550,1590,1600,1590,1594,1571,1546,1587.5,1640,1618,1545,1505,1499,1500,1545,1635,1525,1665,1699,1650,1500,1600,1655,1505,1510,1529,1505,1495,1495,1646,1700,1795,1700,1670,1732,1595,1550,1549,1510,1495,1495,1495,1500,1555,1552.5,1541.5,1502,1500,1495,1500,1500
"Houston","TX","Houston","Harris",4,,,,,,,,,,,,,,,,,,,,,,,,,,,,,,,,,,,,,,,,,,,,,,1260,1110,1220,1114.5,1072,1105,1210,1205,1230,1200,1225.5,1240,1180,1191,1180,1200,1200,1225,1231,1229,1229,1224,1240,1241.5,1359,1355,1375,1295,1326,1300,1295,1285,1249,1197,1239,1185,1140,1170,1227.5,1255,1260,1269,1270,1250
"Philadelphia","PA","Philadelphia","Philadelphia",5,,1450,1350,1412.5,1575,1600,1625,1410,1401.5,1420,1410,1295,1295,1295,1285,1197.5,1185,1100,1100,1100,1000,1050,1050,1000,1147.5,1195,1250,1200,1250,1200,1199.5,1150,1175,1118,1100,1075,1200,1195,1175,1250,1150,1192,1150,1250,1249,1250,1250,1050,1095,1075,1125,1300,1300,1300,1265,1200,1200,1200,1155,1150,1150,1200,1300,1275,1260,1200,1250,1200,1199,1250,1200,1250,1250,1295,1300,1350,1300,1300,1325,1289,1350,1300,1350,1295,1350,1375,1395,1435,1400
"Phoenix","AZ","Phoenix","Maricopa",6,,,,,,,,618.5,700,700,699.5,695,685,695,700,750,692.5,650,667,670,650,636,615,600,648.5,673,655,655,670,680,695,700,705,695,685,670,670,675,669,670,667,675,666,675,655,650,660,706,700,699,704,685,699,695,705,700,700,695,705,708,729.5,750,752.5,759.5,775,760,774.5,786,795,825,892,880,870,901,875,850,940,850,880,875,862.5,850,825,920,975,1117,1170,1085,1068
"Las Vegas","NV","Las Vegas","Clark",7,,,,,,,,,630,627.5,624,650,650,650,750,875,795,700,700,700,650,625,649.5,615,632,649,605,600,629.5,625,625,640,650,640,625,625,625,640,650,680,700,699,675,650,650,670,700,680,675,675,690,700,697,720,725,749.5,750,757,779,775,795,795,777,780,799.5,812,816.5,795,790,821.5,879,859,846,875,850,850,880,825,871.5,850,845,845,857,850,910,915,925,900,903
"San Antonio","TX","San Antonio","Bexar",8,,,,,,,,,,,,652.5,597,595,599,595,600,639,646.5,650,624.5,650,665,675,715,730,695,685,679,679,725,725,700,708,695,710,712.5,734,750,730,730.5,729,750,760,775,775,790,799,800,800,800,775,795,785,787,780,775,779,788,785,790,776,770,775,775,781.5,794,795,800,849,850,825,819,848,825,800,820,803,820,834,790,806,779,810,835,837,849,907,899
"San Diego","CA","San Diego","San Diego",9,,,,,,,,,,,,1250,1250,1225,1281,1245,1250,1350,1400,1450,1450,1300,1300,1350,1325,1360,1295,1295,1330,1300,1300,1350,1325,1335,1350,1342.5,1350,1355,1350,1347,1330,1300,1350,1375,1325,1250,1400,1450,1395,1380,1450,1623,1600,1595,1650,1601.5,1650,1679,1650,1690,1705.5,1650,1695,1699.5,1705,1735,1785,1800,1785,1749,1755,1750,1750,1760,1750,1695,1680,1850,1727,1810,1695,1711,1663,1750,1790.5,1800,1833,1870,1852
"Dallas","TX","Dallas-Fort Worth","Dallas",10,,,,,,,,,,,,,,,,,,929,837,845,798.5,755,880.5,850,860,943,875,985,1001,962,922,1008,1000,1026,1071.5,1144,1050,1079,1079,1022,1095,1098,1049,1095,1107,1150,1158,1175,1143,1135,1164,1150,1175,1141,1106,1120,1150,1199,1196.5,1157,1127,1119,1155,1150,1164,1199,1200,1229.5,1200,1195,1195,1205.5,1257.5,1275,1250,1240,1263,1266,1235,1310,1275,1250,1207.5,1300,1290,1307.5,1306,1309,1318
"San Jose","CA","San Jose","Santa Clara",11,,,,,,,,,,,,,,,,,,,,,,,,,,,,,,,,,,1667.5,1650,1590,1600,1643,1581,1630,1545,1780.5,1732,1781,1725,1775,1988,1987,1962,1952,2045.5,2038,2049,2200,2194.5,2310,2315,2300,2315,2335,2340,2340,2425,2450,2495,2575,2616,2547.5,2530,2531,2527,2550,2540,2530,2470,2440,2439.5,2497,2388,2395,2326,2321,2344,2430,2435,2450,2485,2492,2505
"Jacksonville","FL","Jacksonville","Duval",12,,,,,,,,,650,637.5,665,704.5,725,725,725,725,725,699,695,710,725,727,718,700,695,703.5,710,725,725,715,695,675.5,699,695,750,790,799,811,811,811,815,845,850,860,860,860,860,870,870,870,875,875,885,880,880,885,890,895,895,895,895,895,895,900,925,860,837,825,825,850,840,866.5,900,900,899,900,900,895,900,895,900,845,875,890,895.5,929,950,983,986.5
"San Francisco","CA","San Francisco","San Francisco",13,,,,,,,,,,,,,1999,1962,2100,2191.5,2157,2395,2520,2695,2600,2600,2398,2572.5,2650,2615,2599.5,2662,2754,2750,2650,2715,2746,2750,2795,2799,2759,2800,2846,3000,2987.5,2995,2964,2950,2900,2995,3035,3104,3000,2995,3049.5,3254.5,3297.5,3295,3335,3350,3390,3379,3424,3495,3500,3500,3500,3500,3600,3495,3557,3536.5,3500,3495,3405,3627,3630,3600,3595,3600,3510,3450,3325,3300,3200,3200,3100,3220,3295,3295,3300,3374.5,3395
"Indianapolis","IN","Indianapolis","Marion",14,,,,,,,,,,,,,,,,,,,575.5,625,621,520,592.5,623,625,592.5,547.5,528,525,549,552.5,580,580,580,554,549,569,580,569,570,536,535,549.5,595,599,575,565,549,540,535,550,550,565,565,566,575,580,575,575,562.5,580,599,665,675,659,672,650,699,699,725,709.5,710,709,730,741,769,727,739,715,764,729,763.5,750,770,750,790,840,759,756
"Austin","TX","Austin","Travis",15,,,,,,,,,,1034.5,1005,869,850,827,879,900,895,870,765,760,799,921,890,905,930,940,929,945,929,895,871,929,915,905,884,860,880,860,875,875,880,895,905,925,950,995,999,1000,980,1050,1104,1016,1000,1039.5,1035.5,1050,1041,1075,1012.5,1015.5,1050,1025,1069,1022,1023,1050.5,1075,1090,1090,1085,1091,1094,1094,1109,1100,1079,1099,1066,1079,1082,1040.5,1020,990,1075,1100,1100,1130,1158.5,1125
"Fort Worth","TX","Dallas-Fort Worth","Tarrant",16,,,,,,,,,,,,,704.5,717,650,650,650,737.5,662,650,645,611,616,650,699,699,667,674,700,699,710,700,700,694,698,699,698,706,707,735,726,730,701,749,737,670,751,793,780,778,834.5,799,802,773,775,752,781,826,850,870,925,920,901,895,869,878,943.5,932,982,951.5,953,950,961.5,998,989.5,1035,1010,982,1050,1023,967,1005,938,1030,1025,1077,1209.5,1168.5,1213
"Detroit","MI","Detroit","Wayne",17,,,,,,,,,,,,,,,,,,,,,,475,500,525,520,525,525,525,500,500,502,525,525,525,500,500,500,525,500,500,500,500,500,530,530,525,500,500,525,520,500,529.5,550,529.5,550,550,525,525,550,550,550,550,550,530,534,525,525,500,515,520,525,525,534.5,545,550,540,550,625,650,550,560,550,595,599.5,560,575,610,629,600
"Columbus","OH","Columbus","Franklin",18,,,,,,,,,,,,,,,,,,,,,,,,,,,,,,,,,,529.5,549,549,580,569,595,599,599,555,562,525,525,535,550,569,575,575,645,650,634,649.5,709,677,629,599,649,699,699,699,724,759,759,779,772,772,663,669,741,749,749,750,741,797,820,815,850,789,850,758,800,730,769,780,825,878,850
"Memphis","TN","Memphis","Shelby",19,,,,,,,,,,,,985,850,749,825,775,772,737.5,679,677.5,730,695,644,630,656,622,652,654,595,601,644,640,625,691,665,645,679,695,685,650,640,630,625,625,625,595,595,564.5,575,556.5,591,595,595,600,600,595,596,625,625,650,633,640,720,652,645,625,639.5,652,700,732.5,697,697,733,835.5,846.5,771,727,673,700,693,639,685,690,658.5,640,725,750,795,792.5
"Charlotte","NC","Charlotte","Mecklenburg",20,,,,,,,,,,,,800,871,800,700,750,800,839,830,850,825,850,860,900,875,820.5,755,766,761,795,825,900,887.5,874,842,795,804,840,845,854,849,890,870,1010,982,925,925,949.5,927.5,915,932,999,1050,1000,1027,980,995,995,1000,1069,1014,1025,1060,1085,1039,1060,1050,1055,1050,1068,1025,1070,1205,1273,1190,1205,1230,1260,1155,1270,1257,1200,1155,1235,1173,1250,1255.5,1186,1195
"El Paso","TX","El Paso","El Paso",21,,,,,,,,,,,,,,,,,,,,,,,,,,,560,550,550,547.5,622,575,495,495,550,575,575,599,600,600,614,600,595,575,575,550,577,550,550,525,525,525,550,525,602.5,600,602.5,650,580,590,621,675,675,675,620,618.5,585,550,530,595,575,590.5,590,600,617,645,595,608,618,560,567,597,570.5,565,569,550,550,550,555
"Boston","MA","Boston","Suffolk",22,,,,,,,,,,,,1975,1850,1750,1675,1650,1675,1750,1850,2125,2175,2200,2100,1895,1800,1850,1800,1850,1800,1850,1900,2200,2055,2200,2200,2100,2000,1970,1950,1935,1950,2000,2000,2050,2100,2100,2095,2000,1985,1975,1995,1995,1995,1975,1995,1980,2025,2100,2100,2100,2100,2041,2050,2050,2025,2075,2100,2100,2150,2175,2150,2100,2050,2025,2000,2000,2000,1975,2000,1995,2100,2050,2100,2050,2000,1950,2000,2000,2000
"Seattle","WA","Seattle","King",23,,,,,,,,,,,,1095,1095,1050,1100,1195,1200,1200,1195,1095,1145,1115,1100,1100,1180,1220,1255,1250,1325,1295,1308,1395,1432.5,1440,1425,1400,1450,1454,1450,1450,1445,1485,1477.5,1544,1485,1495,1555,1501,1495,1495,1554,1638,1695,1725,1705,1710,1656,1650,1645,1675,1703,1707.5,1711,1706.5,1711,1742.5,1754,1757,1747,1747,1740.5,1747,1753.5,1812,1800,1865,1814,1736.5,1825,1825,1795,1750,1724.5,1795,1895,1945,1980,2018,2000
"Baltimore","MD","Baltimore","Baltimore City",24,,,,,,,,,,,,,,,,,,,,,,,,,,,,,,,,,,,,,,,,,,,,,,,,,,,,,,,,,1050,1075,1172,1100,1148,1225,1125,1100,1150,1209,1199.5,1156,1100,1100,1085,1056,1126.5,1170,1240,1175,1195,1125,1139,1185,1250,1130,1132.5,1152.5,1253,1250,1195,1350,1276.5
"Denver","CO","Denver","Denver",25,,,,,,,,,,,,,,,,,,,,,,,952.5,925,957,1050,1055,1046,1050,1010,1055,1095,1095,1055,1100,1049,1115,1100,1120,980,990,1055,1097,1050,1055,1076,1220,1189,1150,1129,1200,1250,1227,1325,1399,1434,1399,1436.5,1417,1426.5,1450,1430,1450,1450,1475,1478,1500,1500,1465,1455,1455,1439,1450,1425,1385,1410,1399,1398,1495,1400,1311,1313,1337,1350,1379,1523,1585.5,1582,1565
"Washington","DC","Washington","District of Columbia",26,,1750,1999.5,1850,1812.5,1900,1825,1900,1950,1950,2015,2090.5,2100,1950,2000,1935,1995,2100,2421,2350,2377,2202.5,2230,2253,2230,2260,2275,2300,2335,2315,2315,2316.5,2295,2300,2300,2305,2285,2260,2240,2114,2100,2090,2200,2100,2051,2089.5,2054,2100,2100,2040,2040,2091.5,2095,2100,2127,2095,2096.5,2100,2100,2100,2100,2146.5,2100,2095,2100,2137.5,2135,2180,2165,2155,2180,2170,2178,2170,2175,2184,2175,2085,2148,2142.5,2125,2060,2061.5,2115,2131,2200,2180,2226,2271
"Nashville","TN","Nashville","Davidson",27,,,,,,,,,,,,,,,,,,,,,,,,,,,,,,,,,,,,,,,,,,,,,,,,,,,,,,,1050,1162.5,1150,1295,1257,1195,1270,1350,1295,1300,1200,1149,1278,1350,1371,1404,1371,1415,1399.5,1399,1395,1442.5,1495,1565,1400,1495,1395,1595,1545,1560.5,1499,1563,1600,1550,1498.5
"Tucson","AZ","Tucson","Pima",28,,,,,,,,,,,,542.5,525,535,565,575,550,550,549.5,550,522,500,522.5,519,520,509,539,539,539,525,539,525,523,522,520,510,520,520,509,500,495,500.5,504.5,495,495,482,485,499,499,500,525,522.5,535,525,535,525,525,525,525,514.5,529.5,525,535,549,550,550,525,525,534.5,605,560,560,552,566,560,568,529,575,589.5,550,575,572.5,588.5,575,613,602,600,625,627.5
"Portland","OR","Portland","Multnomah",29,,,,,,,,,,,,,,,,,,,,,,,,,,,,,,,,,,,,,,,,,,,,,,,,,,,,,,,,,,,,,,,,,,,,,,,1600,1575,1647,1622,1612.5,1600,1550,1539,1505,1525.5,1452,1400,1395,1461.5,1490,1502,1600.5,1596,1575
"Oklahoma City","OK","Oklahoma City","Oklahoma",30,,,,,,,,,,,,,,,,,,,,,,,,,,,,,,,,,,,,,,,,,,,,,,,,,,,,,,,,,,,,,,,,,,,,,,,,,,,,745.5,749,731,750,768.5,719,692.5,677,675,705,700,750,750,713
"Omaha","NE","Omaha","Douglas",31,,,,,,,,,,,,,,,,,,,,525,525,539,550,539,552,575,575,579.5,577,585,597,625,625,600.5,599,605,620,650,630,628,625,678,643,695,750,695,625,695,695,685,702.5,700,702.5,685,695,695,674.5,600,700,715,750,795,760,742.5,745,735,750,765,750,765,769,750,759,757,755,750,750,745,735,755,790,782.5,675,775,785,815,850,850,828
"Albuquerque","NM","Albuquerque","Bernalillo",32,,,,,,,,,,,,,,,,,,,,,,,,,,634,600,586,599,600,625,650,610,607.5,620,610,605,625,625,625,608,598,598,595,591,559.5,593,561,545,545,565,575,575,583.5,595,575,596,585,595,595,600,583,575,660,657.5,658,660,658,650,658,700,749.5,700,712.5,710,724,650,658,650,658.5,630,658,634,650,675,659,675,700,699
"Fresno","CA","Fresno","Fresno",33,,,,,,,,,,,,,,,,,,,,,,,,,,,,,,,,,,,,,,,,,,,,,,,,,,,,,,,,,,,,,,,,,,,,,,,,,525,525,500,500,500,525,600,600,600,597.5,599,628,626.5,625,623.5,650,650
"Sacramento","CA","Sacramento","Sacramento",34,,,,,,,,,,,,695,695,695,695,725,695,750,695,725,700,675,690,694,689.5,695,695,685,693,689,775,795,800,887.5,849,770,850,791,809,750,730,750,754,750,750,750,750,750,750,750,760,775,775,780,795,795,800,825,795,795,825,830,853.5,867.5,876,895,950,935,910,950,997,1024,976.5,950,1015,1095,1025,1000,1025,1050,1090,1095,1030,1150,1195,1195,1195,1195,1195
"Mesa","AZ","Phoenix","Maricopa",35,,,,,,,,,,,,,,,,570,599,565,549.5,549,565,565,587.5,587.5,592,599.5,599,619,585,559,575,595,597,599,599,594,589,599,608,595,595,599,599,600,593,604.5,626,629,637.5,677.5,684,620,650,667,620,600,622.5,630,599,599,609,625,636.5,639.5,647,639,635,625,647.5,650,700,690,691,705,697,687,707.5,758,720,770,700,729,750,769,814.5,785,791.5,835.5,805
"Long Beach","CA","Los Angeles-Long Beach-Anaheim","Los Angeles",36,,,,,,,,,,,,,1147.5,1150,1000,995,975,1145,1112.5,985,900,900,925,995,995,1037.5,1000,995,995,995,1025,995,1025,1067.5,1045,1050,1057.5,1095,1065,1050,1050,1070,1085,1025,1000,1000,995,995,975,975,975,1082.5,1075,1045,1100,1050,1050,1050,1095,1100,1100,1100,1195,1195,1175,1100,1200,1260,1195,1250,1335,1295,1300,1395,1350,1350,1375,1410,1450,1395,1350,1295,1395,1450,1475,1400,1425,1495,1497.5
"Kansas City","MO","Kansas City","Jackson",37,,,,,,,,,,,,,,,,,,,,,,,,,,,,,,,,,,,,,,,,,,,,,,800,699,722,689,708,700,725,665,699,685,678,680,675.5,689,695,730,734,750,750,759,730,759,749,732,720,725,730,820,795,819.5,820,842,803,783.5,876,831,800,850,895,893,855,849,925,893
"Atlanta","GA","Atlanta","Fulton",38,1122.5,1080,1100,1100,1200,1200,1050,1000,1050,1080,1020,1050,1100,1092.5,1150,1150,1150,1088,1091,1050,1015,1040,1085.5,1015,1005,1009.5,1000,1010,1040,1060,995,992,992,955,916,950,927.5,1005,1060.5,1100,1120,1100,1134,1174,1180,1133.5,1160,1150,1150,1164.5,1200,1219,1205,1200,1248,1291,1250,1241,1237,1250,1294,1300,1302,1300,1365,1350,1383,1400,1379.5,1370,1356,1376,1359,1390,1407,1398,1440,1406.5,1420.5,1394,1405,1360,1350,1395,1415,1420,1420,1450,1450
"Miami","FL","Miami-Fort Lauderdale","Miami-Dade",39,1500,1500,1550,1500,1500,1450,1450,1650,1600,1550,1575,1590,1580,1580,1550,1600,1600,1600,1650,1650,1650,1675,1695,1690,1690,1700,1700,1700,1700,1700,1700,1700,1700,1700,1750,1750,1800,1800,1800,1800,1850,1895,1900,1850,1850,1850,1850,1850,1850,1850,1800,1850,1850,1895,1900,1900,1875,1850,1859.5,1850,1900,1900,1950,1975,2000,2000,2000,2000,2000,2000,2000,2000,2000,2000,2000,1975,1950,1950,1900,1950,1900,1922.5,1900,1900,1900,1900,1949,1950,1925
"Oakland","CA","San Francisco","Alameda",40,,,,,,,,,,,,,,,,,,,,,,,,,,,,,,,,,,,,,,,,,,,,,,,,,,,,,,,,,,,,,,,1895,1975,1950,2200,2280,2200,2195,2278.5,2300,2295,2300,2197.5,2295,2250,2285,2285,2297.5,2300,2200,2195,1995,2095,2102,2150,2146.5,2150,2095
"Tulsa","OK","Tulsa","Tulsa",41,,,,,,,,,,,,,,,,,,,,,,,,,,,,,,,,,,,,,,,,,,,,,,,,,,,,,,,,,,,,,,,,,,,,,,,699,645,587.5,595,595,609,661,613,675,652,560,644,649,650,610,600,585,601,621.5
"Honolulu","HI","Urban Honolulu","Honolulu",42,,,,,,,,,,,,,,,,,,,,1500,1500,1495,1450,1475,1500,1500,1550,1500,1500,1500,1500,1550,1500.5,1662.5,1750,1600,1650,1650,1725,1750,1750,1650,1700,1700,1525,1600,1600,1600,1600,1550,1600,1700,1700,1650,1600,1600,1600,1690,1800,1800,2000,1925,1900,1867,1875,1875,1828.5,1800,1750,1737.5,1750,1750,1700,1750,1800,1800,1700,1650,1650,1650,1700,1575,1700,1650,1750,1800,1795,1750,1795
"Minneapolis","MN","Minneapolis-St Paul","Hennepin",43,,,,,,,,,,,,,,,,,,,,,,,,,,,,,,,,,,,,,,,,,1395,1355,1408,1455,1250,1285,1195,1195,1250,1250,1295,1295,1293.5,1199,1307.5,1300,1295,1195,1180,1200,1275,1300,1295,1270,1350,1365,1432,1460,1464,1466,1423.5,1440.5,1424,1415,1435,1417.5,1350,1340,1420,1435,1425,1382.5,1265,1395,1395,1435,1385,1545,1547
"New Orleans","LA","New Orleans","Orleans",44,,,,,,,,,,,,,,,,,,,,,,,,,,,,,,,,,,,,,,,,,,,,,,,,,,,,,,,,,,,1250,1200,1095,1150,1250,1400,1350,1450,1400,1362.5,1300,1250,1300,1300,1350,1300,1288,1288,1325,1235,1200,1300,1200,1250,1250,1286.5,1291.5,1300,1300,1300,1250
"Arlington","TX","Dallas-Fort Worth","Tarrant",45,,,,,,,,,,,,,,,,,,,,535.5,550,539,525,539,565,579,575,600,585,565,566,583.5,599,601.5,595,591,595,611,615,625,615,604,632,649.5,622.5,599,642,667.5,650,652,650,668,669,665,665,672.5,671,665,665,651,650,710,750,737,740,751.5,778,780,765,813,841,805,810,822,813,795,785,812,827,850,845,780,820,804.5,817.5,835,855,907.5,976
"Raleigh","NC","Raleigh","Wake",46,,,,,,,,,,,,650,650,645,699,710,695,662,700,723,750,762,741,790,775,765,802,820,786,768,785,769,745,718,729,709.5,721,740.5,765.5,800,801,799,829,849,823,769,799,825,825,814.5,801,800.5,825,800,822,829,840,769.5,841.5,810,830,830,827.5,855,860,850,915,905,934.5,1080,1069,1100,1075,1147,1120,1113,1129,1120,1078.5,1090,1171.5,969.5,1010,1072,1009.5,1025,1025,1060,1093
"Wichita","KS","Wichita","Sedgwick",47,,,,,,,,,,,,,,,,,,,,,,,,,,,,,,,,,,,,,,,,,,,,,,,,,,,,,,,,,,,595,575,537.5,525,525,558.5,525,495,495,495,475,500,495,470,464,475,483,485,495,525,505,490,509,550,550,595,573,600,625,625,625
"Anaheim","CA","Los Angeles-Long Beach-Anaheim","Orange",48,,,,,,,,,,,,995,995,995,995,1025,1035,1037.5,1061,1065,1040,1110,1085,1100,1129,1140,1144.5,1140,1117.5,1135,1135,1135,1140,1150,1155,1145,1160,1160,1150,1170,1167.5,1165,1175,1175,1155,1220,1302.5,1210,1195,1195,1220,1250,1250,1242.5,1267.5,1290,1245,1257.5,1285,1250,1277.5,1300,1332.5,1365,1425,1430,1502.5,1478,1530,1575,1653,1670,1570,1610.5,1621,1627.5,1791.5,1883,1658,1700,1632.5,1623,1632,1653,1778,1771,1798.5,1803,1779
"Santa Ana","CA","Los Angeles-Long Beach-Anaheim","Orange",49,,,,,,,,,,,,,,,,,,,,,,,,,,,,,,,,,,,,,,,,,,,,,,,,,,,,,,,,,,,,,,,,,,,,,,,,,1660,1695,1682.5,1635,1781,1751,1605,1596,1549,1595,1601.5,1591,1550,1590,1616,1627.5,1610
"Saint Louis","MO","St. Louis","Saint Louis City",50,,,,,,,,,,,,,,600,600,602.5,627.5,560,525,525,550,595,595,599.5,595,595,600,700,675,650,675,599,599,599,599,595,625,625,650,599,592.5,625,600,580,600,625,625,585,625,625,650,600,625,600,650,695,695,629,699,725.5,730,700,750,750,725,700,700,705,675,700,675,675,700,725,768,725,750,725,700,725,695,695,740,750,695,785,795,800,795
"Corpus Christi","TX","Corpus Christi","Nueces",51,,,,,,,,,,,,,,,,,,,,,,,,,,,,,,,,,,,,,,,,,,,,,,,787.5,894.5,800,850,900,918.5,872.5,837,849,895,849.5,802.5,850,810,796,800,800,790,790,795,805,815,894,913,950,989,950,902.5,927.5,949,859,910,890,909,787,865,900,800,880,870,876.5,873,929
"Cincinnati","OH","Cincinnati","Hamilton",52,,,,,,,,,,,,,,,,,,,,,,,,,,,,,,,,,,,,,,,,,,,,,,,,520,510,550,550,550,595,545,570,550,549.5,545,550,550,550,595,597.5,600,600,600,595,605,595,675,645,625,625,650,695,695,670,670,675,725,725,750,740,700,750,750,775,775,775
"Riverside","CA","Riverside","Riverside",53,,,,,,,,,,,,,,,,,,,,,850,805,810,895,868,851,815,825,825,850,825,825,852.5,908,895,877,875,855,855,825,795,810,800,775,795,832,825,800,800,800,850,895,857.5,875,895,865,850,912.5,879,887,910,980,1094.5,1134.5,1115,1110,1087.5,1112.5,1050,1127,1175,1170,1170,1182,1172.5,1182,1000,1050,995,1045,1050,1072.5,1073,1165,1195,1207.5,1284,1307.5,1295
"Marietta","GA","Atlanta","Cobb",54,,,,,,,,,,,,,,,,,,,,,,,,,,,,,,,,,,,,,,,,,,,,,,,,,,,,,746.5,772.5,756,799,870,799,858,918.5,866,850,861,880,878,874,897.5,895,850,877.5,890,875.5,887,891,850,855,860.5,858.5,800,825,845,865,819,860,885,895,848,853,895
"Anchorage","AK","Anchorage","Anchorage",55,,,,,,,,,,,,,,,,,,,,,,,,,,,,,,,,,,,,,,,,,,,,,,,,,,,,,995,960,975,1000,905,1040,950,950,957.5,985,995,970,975,935,942.5,972.5,917,925,985,985,985,995,950,992,900,975,1000,900,950,900,985,949.5,912.5,895,895,950,950
"Saint Paul","MN","Minneapolis-St Paul","Ramsey",56,,,,,,,,,,,,,,,,,,,,,,,,,,,,,,,,,,,,,,,,,,,,,,,,,,,,,,,,,,,,,,,,,,,,,,,,,1250,1225,1038.5,1100,1035,1035,1100,1092,1095,1052,1000,1175,1162.5,1109,1075,1240,1275
"Silver Spring","MD","Washington","Montgomery",57,,,,,,,,,1167,1100,1172,1179,1250,1283,1256,1279,1300,1400,1355,1395,1165,1287.5,1332,1252.5,1258,1440,1466,1560,1560,1560,1597.5,1605,1635,1575,1614.5,1617,1591,1597.5,1573,1538,1575,1526,1550,1415,1520,1453,1547,1575,1580,1580,1580,1575,1615,1655,1645,1635,1630,1574.5,1597,1620,1650,1605.5,1610,1595,1559,1555,1570,1564,1564,1510,1492,1544,1544,1529,1544,1557,1533,1515,1493.5,1585,1455,1490.5,1519,1485,1545,1547.5,1544,1580,1630
"Lexington","KY","Lexington","Fayette",58,,,,,,,,,,,,,,,,,,,,,615,640,635,620,615,630,655,635,650,655,635,640,642.5,645,590,592.5,640,650,655,654,654.5,615,589,575,630,685,622.5,590,625,625,650,723.5,668,730,759,728.5,715,670,680,654.5,630,645,685,719,719,719,719,726,645,730,735,735,738,729,722,732,739.5,797,750,745,750,675,729,755,717,714,715,713.5,724.5
"Newark","NJ","New York","Essex",59,,,,,,,,,,,,,,,,,,,,,,,,,,,,877.5,880,800,800,800,825,797,750,800,800,825,825,800,800,825,800,800,795,775,800,800,797.5,800,812.5,850,850,800,800,825,800,814,850,850,850,850,850,850,885,886.5,885,900,900,875,900,900,899.5,867.5,875,880,875,997.5,950,897.5,900,950,975,950,1000,1087.5,1100,1100,1000
"Tallahassee","FL","Tallahassee","Leon",60,,,,,,,,,,,,,,,,,,,,,,,617.5,625,650,667,622.5,650,650,709,709.5,650,677.5,695,630,650,670,695,686,687,653.5,595,559,525,505,550,550,550,550,560,560,560,550,550,499,550,550,595,550,591,550,575,595,595,595,600,600,617,550,550,625,625,625,625,650,625,625,615,595,650,636,643,650,710,650,650,685,710,827
"Plano","TX","Dallas-Fort Worth","Collin",61,,,,,,,,,,,,,,,,786,786,786,735,750,759,767,789,794,796,804,815,789,794.5,816.5,805,807,835,830.5,842.5,880,870,852.5,856,895,900,889.5,879,889,909,901.5,899,901.5,895,905.5,925,929,968.5,946,927,902,890,939,951,969,931,920,952,960,980,1003,1023,1005,1034,1039,1035,1025,1049,1067,1039,1062.5,1080,1069,1080,1199.5,1125,1085,1070,1090,1109,1130,1133,1129,1165
"Buffalo","NY","Buffalo","Erie",62,,,,,,,,,,,,,,,,,,,,,,,,,,,,,,,,,,,,,,,,,,,,,,,,,,,,,,,,,,,,,,,,,,,,,,,,1260,1200,1260,1290,1250,1162.5,975,862.5,950,797.5,857.5,762.5,800,850,900,900,895,850
"Chandler","AZ","Phoenix","Maricopa",63,,,,,,,,,,,,,,,,,,728.5,733.5,725,729.5,749,772,782,750,780,776.5,779,760,762,778.5,796.5,794,791,784,784,780,774,764,769,777,782,778,778,794,784.5,794,805,822.5,814.5,829,832.5,828.5,812.5,832,825,835.5,855,830,859.5,846.5,844.5,866,881,893,891,899,895,895,962,949.5,962.5,952.5,975,1000,971,965,1009,957,979,956,986,924,954,929,991.5,998.5,985,982
"Louisville","KY","Louisville/Jefferson County","Jefferson",64,,,,,,,,,,,,,,,,,,,,,,,,,,,,,,,,,,,,,,,750,667,650,671,699,700,675,697,700,675,750,750,800,920,800,850,790,750,702.5,715,745,710,699,700,697,700,750,722.5,732,700,720,740,700,725,725,750,747.5,747.5,775,850,750,750,750,793,750,797.5,800,817.5,795,800,816
"Jersey City","NJ","New York","Hudson",65,,,,,,,,,,,,,,,,,,,,,,,,,,,2070,1977.5,1910,1895,1800,1950,2139,2052.5,2227,2200,2100,2000,1950,1995,2065,2000,2000,1955,1950,2000,2032.5,1965,1850,1800,1825,1950,1900,1975,2000,1900,1900,1697.5,1722.5,1912.5,2000,1950,2000,1980,1995,2085,2105,2100,2140,2140,2160,2097.5,2075,2000,2000,1950,2000,2110,2000,2100,1970,2075,1912.5,2100,2000,2150,2105,2240,2200
"Lubbock","TX","Lubbock","Lubbock",66,,,,,,,,,,,,,,,,,,,,,,,,,,,,,,,,,,,,,,,,,,,,,,,,,,,,,,,,,,,,,551,635,635,635,625.5,596,608,559,558,575,575,575,603,600.5,575,581,590,604,582,575,575,516,560,600,559.5,630,627.5,610,600
"Durham","NC","Durham","Durham",67,,,,,,,,,,,,,,,,,,,,,,,,,,,,,,,,,,,,,,,,,,,,,,,,,,,,,,,,,,,,,,,,,,,,,,,1089,1074,1074,1137,1065,1079,1102,1015.5,1136.5,1080,970,971,1008.5,973,987,961.5,969,1031.5,975
"Orlando","FL","Orlando","Orange",68,,,,,,,,,,,,,700,700,725,700,700,700,750,750,750,775,775,775,775,780,786.5,800,800,800,800,765,800,795,790,800,795,809.5,799,832.5,800,825,825,819,811,825,825,824,825,819,826,855.5,850,833.5,850,875,850,826.5,862,875,859.5,890,906.5,900,875,942,970,975,1009,1056,1060,1049,1019,1016,1039,1050,1050,1069.5,1050,1101,1074,1038,1050,1088,1059,1057,1080,1115.5,1162.5
"Saint Petersburg","FL","Tampa","Pinellas",69,,,,,,,,850,837.5,800,750,700,700,725,712.5,725,700,700,700,725,730,750,745,745,700,700,702,722,700,700,750,781,779,795,772,732,774,770,750,700,675,692,695,712.5,725,725,714.5,717,714.5,712,700,725,750,750,750,750,780,773,770,795,824,800,800,825,850,824.5,800,824,837,875,849,840,887,895,895,895,925,995,895,875,840,824.5,850,852.5,895,949,950,1035,995
"Pensacola","FL","Pensacola","Escambia",70,,,,,,,,,,,,,,,,500,529,550,550,525,550,584,575,590,589.5,580,550,525,525,525,525,549,582,575,559,575,590,593.5,590,590,590,595,624.5,602.5,595,550,529,529,537.5,550,565,575,600,625,612.5,650,650,650,695,650,650,674.5,679,672.5,670,670,650,655,640,692.5,655,700,675,775,725,725,799,805,745,846,800,725,700,799,799,813,825,800,840
"Greensboro","NC",,"Guilford",71,,,,,,,,,,,,,,,,,,,,,,,,519,530,549,550,529,550,560,550,625,583,583,589,576,597,586,573,574,600,592.5,583.5,630,565,575,565,565,565,550,550,572,575,575,575,550,562.5,587.5,607.5,615,595,575,575,550,575,575,599,605,587,599,625,626,627,610,656,637,629,659,638,612,699,635,634,625,667.5,694,660,710.5,705
"Lincoln","NE","Lincoln","Lancaster",72,,,,,,,,,,,,,,,,,,,,,,,,,,,,,,,,,,665,677.5,695,705,700,685,715,685,685,700,725,715,715,707.5,707.5,700,680,695,730,717.5,730,750,712.5,715,750,750,725,730,710,722.5,750,750,775,790,775,742.5,735,750,740,750,770,800,800,730,720,750,750,765,802.5,797.5,765,735,755,745,799,794.5
"Corona","CA","Riverside","Riverside",73,,,,,,,,,,,,,,,,,,,,,,,,1095,1047,1060,1025,1035,1025,1070,1037.5,1076,1017.5,1050,1040,1012.5,1010,995,975,950,1020,1005,1050,1085,1095,1065.5,1100,1100,1100,1100,1100,1104.5,1120,1150,1145,1150,1145,1172.5,1172.5,1100,1100,1125,1140,1212.5,1242.5,1185.5,1230,1195,1200,1156,1229,1260,1186,1297,1304.5,1238,1259,1320,1288,1336,1293,1250,1308.5,1414.5,1357,1403,1428.5,1514,1531
"Chula Vista","CA","San Diego","San Diego",74,,,,,,,,,,,,,,,,,,,,,,,,,,,,,,,,,,,,,,,,,,,,,,,,,,,,,,,,,,,,,,,,,,,,,,,,,1385,1337.5,1395,1440,1560,1711,1629,1588,1596.5,1549,1584.5,1505,1521.5,1565,1693,1659.5,1721
"Madison","WI","Madison","Dane",75,,,,,,,,,,,,,,,,,,,,,,,,,,,,,,,,,,,,,,,,,,,,,,,,,,,,,,,,,,,,,,,,,,,,,,,,,,,,1035,995,1015,995,1065,915,925,950,875,985,1095,1100,1075,1035
"Garland","TX","Dallas-Fort Worth","Dallas",76,,,,,,,,,,,,,,,,,,,,,,,,,,,,,718.5,680,680,666,659,641,659,645,674,675,671,675,667.5,654.5,724.5,779,762.5,720,762,762,725,725,669.5,660,656,675,685,685,661,662,648.5,665,670,706,738,740,759,759,736,740,727.5,801.5,775.5,902.5,947.5,935,1010,945,935,930,935,979,862,941.5,910,990,915,955,909.5,1003.5,1008
"Fort Myers","FL","Fort Myers","Lee",77,,,,,,,,,,,,,,,,,,650,650,675,625,645,600,595,650,650,610,650,650,650,650,650,650,673,645,649,635,686.5,690,690.5,682,675,622,623.5,650,650,702.5,682,683.5,685,700,715,730,773,782.5,775,800,797,752,788,800,842,838,797.5,845,850,876,880,940,899.5,920,933,933,941,954,936.5,969,1003.5,950,1053,922.5,895,925,950,949,1023,1012,978.5,1000
"Fremont","CA","San Francisco","Alameda",78,,,,,,,,,,,,,,,,,,,,,,,,,1350,1354,1354,1377.5,1425.5,1332.5,1400,1425,1535,1530,1585,1492,1610,1671,1585,1563,1563,1577.5,1738,1630,1700,1700,1732,1700,1679,1835,1846,1905,1900,1962.5,1876.5,1945,1935,1909,1917,1850,2004.5,2016,2192,2162.5,2198,2163.5,2207,2198,2127,2185,2143,2200,2214.5,2216,2182.5,2241,2260,2277,2110.5,2173,2101,2100,2125.5,2124,2092,2137,2197.5,2306.5,2249.5
"Springfield","MO","Springfield","Greene",79,,,,,,,,,,,,,,,,,,,,,414,405.5,392.5,405,405,450,415,400,417.5,417.5,415,435,432.5,432.5,435,434.5,444.5,450,435,450,450,450,450,450,425,449,449,450,437,442.5,449,450,475,475,475,450,450,475,450,475,475,475,475,475,450,450,450,450,455,485,459,459,495,495,495,490,497.5,450,500,475,495,495,495,495,500,495,500,500,495
"Arlington","VA","Washington","Arlington",80,,,,,,,,,,,,,,,,,,,,,,2170,2140,2049.5,2050,2100,2125,2100,2141.5,2135,2109,2095,2091.5,2053,2080,2050,1952,1974,1998,1955,1990,1929.5,1900,1909,1900,1856,1874,1915,1915,1909,1919,1945,1970,1965,1949,1915,1870,1865,1890,1875,1887,1920,1915,1915,1901,1894,1931,1926,1935,1940,1915,1920,1935,1950,1990,1980,1969,1900,1969,1950,1920,1946,1900,1948,2019.5,2066.5,2100,2076,2020
"Irving","TX","Dallas-Fort Worth","Dallas",81,,,,,,,,,,,,,,,,,,,,,,,,,,,,,,,,,,,,,,,,,,,,,,,,,,,,,,,,,,,,,,,,,,,,,,,,1295,1119,1055,1067,1040,999,1060,965,1042,985,1042.5,1075,1139,1267,1211,1185,1167,1180
"Scottsdale","AZ","Phoenix","Maricopa",82,,,,,,,,,,,,,,,,,,,,,,,,,,,,,,,,,,,,,,,,,,,,,,,,,,,,,,,,,,,,,,,,,,,,,,,1234,1209,1149,1219,1260,1225,1304.5,1190,1156,1168.5,1150,1169,1162.5,1185.5,1264,1230,1237,1200,1200
"Rochester","NY","Rochester","Monroe",83,,,,,,,,,,,,,,,,,,,,,,,,,,,595,650,652.5,652.5,595,595,595,625,605,600,650,575,645,615,601,695,750,725,725,795,695,655,650,725,725,650,692.5,735,712.5,695,725,737.5,735,650,650,650,695,725,725,725,700,702.5,725,695,697,700,723.5,695,685,730,750,725,750,700,695,650,720,700,735,725,750,750,745
"Irvine","CA","Los Angeles-Long Beach-Anaheim","Orange",84,,,,,,,,1580,1492.5,1515,1590,1585,1585,1585,1575,1582.5,1600,1530,1505,1500,1502.5,1533,1526,1500,1540,1562.5,1517.5,1525,1510,1529.5,1575,1730,1745,1707.5,1665,1620,1675,1700,1695,1690,1690,1652.5,1649.5,1660,1675,1700,1725,1710,1680,1670,1680,1715,1730,1750,1770,1810,1813,1802.5,1815,1805,1790,1780,1785,1765,1765,1765,1760,1800,1835,1850,1854.5,1875,1895,1900,1875,1890,1865,1872.5,1895,1900,1935,1950,1905,1925,1930,1935,1950,1980,1995
"Richmond","VA","Richmond","Richmond City",85,,,,,,,,,,,,,,,,,,,,,,,,,,,,,,,,,,,,,,,,,,,,,,,,,,,,,,,,,,,,,,,,,,,,,,,995,1024,1004,995,1047,1025,999,1025,998,995,1012.5,985,975.5,1050,988.5,995,999,1049,1025
"Bradenton","FL","North Port-Sarasota-Bradenton","Manatee",86,,,,,,,,,,,,,650,600,600,600,600,600,600,600,600,694,750,750,774,779,757.5,750,699,700,700,700,653,700,692.5,656,687,675,687,700,700,750,724.5,690,700,760,797,800,817.5,839,844.5,730,750,773,743,750,750,795,800,795,795,855,916,938,917,895,855,869,928,953,990,1041,995,1015.5,1019,1068.5,950,979,1049,991.5,967.5,1000,1000,925,1034.5,1008,1019.5,1005.5,1095
"Santa Rosa","CA","Santa Rosa","Sonoma",87,,,,,,,,,,,,,,,,,,,,,,,,,,,,,,,,,,,,,,,,,,,,,,,,,,,,,,,,,,,,,,1442,1481.5,1395,1404.5,1509.5,1413.5,1450,1395,1550,1599,1601.5,1609,1594,1565,1705,1500,1489,1689,1627.5,1595,1545,1564.5,1638,1639,1650,1639,1695,1705
"Reno","NV","Reno","Washoe",88,,,,,,,,,,,,582.5,537,545,525,515,495,500,525,560,599,589,587,575,587,595,595,595,537.5,575,550,575,550,550,550,599,595,595,595,575,550,600,600,620,589,600,547.5,550,560,580,580,600,550,550,600,595,595,600,599,599,620,650,625,600,599,625,650,650,650,695,700,662.5,675,650,695,675,695,730,650,675,763,695,735,675,725,775,800,825,850
"Spokane","WA","Spokane","Spokane",89,,,,,,,,,,,,,,,,,,,,,510,505,495,497.5,547.5,550,550,550,505,485,485,495,505,525,550,550,550,545,525,525,499,505,499,465,460,500,517.5,507.5,510,520,525,530,499,550,575,550,545,530,590,585,575,582.5,590,575,565,550,560,550,570,555,575,575,575,575,585,575,575,575,625,612.5,610,650,650,650,650,642.5,600,625,650
"Tacoma","WA","Seattle","Pierce",90,,,,,,,,,,,,,,,,,712.5,650,625,650,650,699,700,695,695,715.5,707.5,695,700,696,722.5,710,715,730,735,745,725,725,740,752.5,750,747.5,760,743,775,747.5,775,700,775,755,850,865,855,855,855,825,832.5,795,780,800,825,855,806,935,920,900,1017,917.5,927.5,932.5,932.5,895,890,917,965,947,950,1085,1047.5,975,1107.5,1100,1087.5,1011.5,1087.5,1095,1160,1155,1195
"Oceanside","CA","San Diego","San Diego",91,,,,,,,,,,,,,,,,,,,,,,,,,,,,,,,,,,,,,,,,,,,,,,,,,,,,,,,1511,1425,1295,1219,1287.5,1287.5,1295,1462.5,1395,1385,1365,1385,1362.5,1395,1397,1400.5,1403,1452,1439,1437,1435,1485,1437,1425,1550,1543.5,1395,1495,1495,1550,1550,1550,1519,1620,1590
"Gainesville","FL","Gainesville","Alachua",92,,,,,,,,,,,,,,,,,,,,,,,,,,,,,,,,,,,,,,,,,,,,,,,,,,,,,,,,,,,,,,,,,,,,,,,,,725,695,655,682.5,675,700,725,667.5,750,705,695,725,725,702.5,715,715,709.5
"Woodbridge","VA","Washington","Prince William",93,,,,,,,,,,,,,,,,,,,,,1190,1156.5,1149,1180,1179,1201,1210,1181.5,1185,1210,1244,1225,1196,1163.5,1199,1276,1288,1283,1345.5,1310,1269,1368,1363,1250,1250,1219,1186,1167,1166.5,1200,1224,1253,1217,1250,1169.5,1180,1150,1179,1172.5,1177,1210,1215,1237,1205,1250,1275,1260,1255,1226,1200,1207,1222,1255,1253,1227,1210,1245,1239,1286.5,1242,1200,1244.5,1245,1235,1250,1301.5,1300,1341,1330
"Boise","ID","Boise City","Ada",94,,,,,,,,,,,,,,,,,,,,,,,,570,575,575,575,565,565,575,585,585,595,595,605,595,610.5,650,625,625,595,595,595,550,550,575,550,550,550,555,575,585,575,625,595,575,600,625,595,600,625,625,627.5,600,600,650,650,650,670,662.5,650,700,725,677,675,650,675,675,650,725,715,650,625,725,750,750,750,785,782
"Worcester","MA","Worcester","Worcester",95,,,,,,,,,,,,,,,,,,900,875,875,895,895,850,825,825,899,867,850,879,925,985,992,950,935,935,900,935,925,935,950,935,912.5,935,897.5,900,862.5,950,950,937.5,900,900,935,950,950,995,1000,975,985,925,875,975,950,995,975,975,1000,937.5,900,950,950,925,950,995,1000,995,1050,975,1075,975,1050,1075,975,962.5,962.5,1000,1000,1025,1050,1025
"Little Rock","AR","Little Rock","Pulaski",96,,,,,,,,,,,,,,,,,,,,,,,,,,,,,,,,,,,,,,,,,,,,,,,,,,,,,,,785,645,650,652,757,737,695,700,675,686.5,695,676.5,695,725,737.5,750,750,750,700,669.5,695,695,725,669,712,669,695,755,645,700,685,750,755,700,746
"Providence","RI","Providence","Providence",97,,,,,,,,,,,,,,,,,,,,,,,,,,,,,,,,,,,,,,,,,,,,,,1300,1450,1300,1300,1250,1200,1200,1295,1295,1295,1325,1295,1375,1392.5,1350,1350,1250,1250,1295,1222.5,1300,1325,1250,1150,1200,1200,1215,1275,1310,1350,1450,1297.5,1357.5,1250,1475,1475,1475,1462.5,1500,1400,1400,1350,1350,1350
"Fort Collins","CO","Fort Collins","Larimer",98,,,,,,,,,,,,,,,,,,,,,,,,,,,,,,,,,,,,,,,,,,,,,,,,,,,,,,,,,,,,,,,,,,950,1070,1100,1117.5,1201,1151,1151,1173,1190,1152.5,1180,1103.5,995,1055,1107,1070,1111,1070,1116,1125,1125,1100,1050,1050
"Yonkers","NY","New York","Westchester",99,,,,,,,,,,,,,1225,1200,1295,1250,1225,1225,1200,1200,1200,1200,1200,1200,1150,1150,1200,1200,1200,1200,1150,1225,1200,1200,1200,1200,1200,1200,1200,1200,1200,1200,1200,1275,1250,1250,1287.5,1280,1280,1250,1250,1280,1275,1300,1300,1300,1300,1350,1350,1350,1350,1350,1375,1450,1400,1400,1400,1395,1350,1362.5,1400,1450,1412.5,1400,1400,1395,1400,1450,1400,1350,1400,1400,1400,1400,1400,1400,1425,1500,1500
"Fort Lauderdale","FL","Miami-Fort Lauderdale","Broward",100,,,,,,,,,,,,,1200,1200,1200,1200,1199.5,1195,1100,1110,1100,1200,1200,1100,1100,1200,1160,1100,1135,1150,1190.5,1150,1175,1200,1175,1150,1200,1200,1300,1262.5,1200,1200,1150,1150,1150,1100,1145,1125,1100,1100,1100,1150,1200,1200,1150,1200,1295,1250,1250,1300,1400,1400,1397,1395,1400,1350,1375,1399,1400,1500,1450,1450,1400,1500,1400,1455,1307.5,1400,1350,1450,1275,1350,1282.5,1400,1400,1400,1400,1495,1450
"Columbus","GA","Columbus","Muscogee",101,,,,,,,,,,,,,,,,,,,,,,,,,,,,,,,,,,,,,,,,,,,,,,,,,,,,,,,,,,,,625,567.5,658,706,713,722,695,720,685,715,715,723.5,750,715,731,731,731,725,725,718.5,685,585,512.5,525,609.5,652.5,616,712,722,775
"Grand Prairie","TX","Dallas-Fort Worth","Dallas",102,,,,,,,,,,,,,,,,,,,,,,,,,,,,,,,,,,,,,,,,,,,,,,,,,,,,,,,,,,,,,,,,,,,,,,864,951,975,985,995,1005,1015,1037.5,1030,1010,996.5,956,933,955,925,857,888,893.5,909,925
"Rancho Cucamonga","CA","Riverside","San Bernardino",103,,,,,,,,,,,,,,,,,,,,,,1025,1163,1207,1181.5,1212,1206,1227,1213,1242,1244.5,1204.5,1274,1226,1225,1229,1203,1244,1236,1200,1200,1200,1200,1282,1279,1281.5,1330,1315,1284,1332,1319,1318.5,1269.5,1285,1299,1317,1328.5,1339,1328,1324,1339,1333,1339.5,1350,1345,1370,1376.5,1378.5,1381.5,1425,1449,1461,1410,1549,1481.5,1491.5,1562,1525,1575,1450,1485,1443.5,1450,1485,1471,1515,1569,1632,1578
"Overland Park","KS","Kansas City","Johnson",104,,,,,,,,,,,,,,,,,,,,,,,,,,,,,,,,,,,,,,,,,,,,,,,,,,,,,,,,,,,,,817.5,820,825,877.5,887.5,847,953.5,1027,918.5,870,869,871.5,871,856,858,855,890,858,893,904,899,905,857.5,849,915,894,887,896,933
"Newport News","VA","Virginia Beach","Newport News City",105,,,,,,,,,,,,,,,,,,,,,,,,,,,,,,,,,,,,,,,,,,,,,,,,,,,,,,,,,,,,799,805,839.5,826.5,825,825,825,790,799,759,747,797.5,800,810,849,848,849,795,851.5,799.5,785,848,799,851.5,875.5,876,835,829,789.5,800
"Sioux Falls","SD","Sioux Falls","Minnehaha",106,,,,,,,,,,,,,,,,,,,,,,,,,,,,,,,,,,,,,,,,,,,,,,,,,,,,,,,,,605,622.5,630,690,692.5,704.5,717.5,705,677.5,675,695,720,715,790,730,745,810,825,727.5,740,715,745,714,760,707.5,710,740,710,714.5,715,722.5,715,687.5
"Tempe","AZ","Phoenix","Maricopa",107,,,,,,,,,,,,,,,,,,,,,,,,,,,,,,,,,,,,,,,,,,,,,,,,,,,,,,,,,,,,,,,,,,,,,,,,,,,1117,1135,1095,955.5,1005,993,900.5,874.5,847,970,1000,1140,1140,1125,1095
"Vancouver","WA","Portland","Clark",108,,,,,,,,,,,,,,,,,,,,,,,,,,,,,,,,,,,,,,,,,,,,,,,,,,,,,,,,,,,,,,,,,,974,995,1000,1030,1000,1038.5,1037.5,1010,1056,1061.5,1086.5,1090,1052.5,1032.5,1060,1025,1030,1090,1065,1025,1025,1123,1141,1116
"El Cajon","CA","San Diego","San Diego",109,,,,,,,,,,,,,,,,,,,,,,,,,,,,,,,,,,,,,,,,,,,,,,,,,,,,,,,,,,927.5,925,925,995,995,995,1025,985,1050,1025,1000,1035,1090,1160,1100,1150,1147.5,1125,1150,1150,1125,1150,1218,1300,1150,1295,1222.5,1252.5,1385.5,1380,1360,1295
"Pembroke Pines","FL","Miami-Fort Lauderdale","Broward",110,,,,,,,,,,,,900,900,912.5,900,895,900,950,950,950,925,950,972.5,900,900,1050,1050,1025,1025,1035,1050,1050,1095,1090,1072.5,1075,1100,1097.5,1100,1075,1050,1050,1050,1050,1050,1050,1075,1081,1081,1090,1100,1085,1100,1100,1100,1100,1100,1100,1115,1100,1100,1150,1182.5,1100,1150,1217.5,1250,1225,1215,1227.5,1250,1200,1200,1200,1261.5,1289,1250.5,1275,1290,1326.5,1285,1254,1225,1281,1300,1300,1300,1319,1330
"Naperville","IL","Chicago","Du Page",111,,,,,,,,,,,,,,,,,,,,,,,,,,,,,,,,,,,,,,,,,,,,,,,,,,,,,,,1150,1122,1082,1129,1125,1107.5,1079,1089.5,1079,1079,1195,1259.5,1225,1220,1200,1245,1222,1232,1250,1228,1200,1201,1200,1173,1200,1200,1199.5,1206,1205.5,1199,1250,1249,1255,1303,1298.5
"Fairfax","VA","Washington","Fairfax",112,,,,,,,,,,,,,,,,,,,,,,1655,1450,1662.5,1589,1525,1558,1546,1562.5,1569.5,1512,1505,1555,1517.5,1584,1584,1555,1530,1554,1634,1745,1539,1585,1672.5,1484.5,1480,1479,1525,1495,1479,1489,1499.5,1521,1552.5,1548,1537,1502.5,1497,1498,1484.5,1495,1500,1529,1529,1555,1560,1560,1552.5,1540,1519.5,1516.5,1550,1585,1599,1555,1560,1592.5,1575,1549,1570,1552,1535.5,1511,1649.5,1688.5,1750,1639,1720,1700
"Santa Clarita","CA","Los Angeles-Long Beach-Anaheim","Los Angeles",113,,,,,,,,,,,,,,,,,,,,,,,,,1149.5,1345,1325,1340,1350,1320,1385,1445,1405,1395,1410,1375,1440,1440,1450,1435,1460,1330,1342.5,1435,1405,1420,1395,1395,1417.5,1423,1430,1452.5,1405,1440,1467.5,1500,1505,1485,1505,1525,1499,1485,1530,1532.5,1535,1530,1535,1550,1565,1570,1550,1589,1600,1694.5,1665,1620,1605,1657.5,1704,1699,1595,1688.5,1537.5,1680,1650,1702,1739,1730.5,1700
"Boynton Beach","FL","Miami-Fort Lauderdale","Palm Beach",114,,,,,,,,,,,,,799,850,847.5,922,850,858,866,850,837,850,900,950,925,950,920,900,917.5,920,900,920,957,955,973,970,993,970,951.5,1000,1010,1090,1099.5,1117,1100,1169,1150,1100,1150,1143,1099,1050,1000,1132.5,1145,1145,1100,1126,1090,1125,1150,1160,1150,1185,1185,1175,1165,1200,1250,1248,1245,1250,1275,1275,1272,1255,1229,1252,1252.5,1272,1211.5,1271,1238,1294.5,1300,1322,1305.5,1277,1272.5
"Lakewood","CO","Denver","Jefferson",115,,,,,,,,,,,,,,,,,,,,702.5,689,694.5,699.5,660,755,790,815,875,875,975,999,980,865,855,872,852,901,955,945,888,890,897,896,870,887.5,925,989,1049,1035,1077.5,1117,1089,1117,1110,1138,1187,1172.5,1172.5,1195,1193.5,1199,1209,1199,1215,1290.5,1279,1306,1300,1244,1369.5,1387,1390,1378,1384.5,1360,1304,1454,1285,1220,1345,1224,1239,1224.5,1270,1250,1300,1257,1470,1455
"Alexandria","VA","Washington","Alexandria City",116,,,,,,,,1445,1412.5,1425,1379,1412.5,1403.5,1450,1462.5,1475,1492.5,1500,1597.5,1600,1625,1430,1390,1331.5,1450,1545,1505,1530,1555,1592.5,1575,1495,1475,1475,1465,1480,1480,1503,1520,1580,1645,1635,1675,1650,1650,1627,1622.5,1625,1595,1595,1625,1625,1613,1650,1650,1650,1629,1600,1600,1630,1650,1695,1700,1700,1700,1673.5,1686,1710,1650,1664,1600,1581,1649,1660,1630,1615,1625,1650,1685,1645,1617,1530,1616,1667,1602,1650,1625,1649.5,1637.5
"Sunnyvale","CA","San Jose","Santa Clara",117,,,,,,,,,,,,,,,,,,,,,,,,1550,1680,1693,1602.5,1630,1801.5,1809.5,1895,1842,1830,1765,1765,1765,1765,1789,1800,1962,1915,1997.5,1995,1863,1895,1939,1993.5,2042,2035,1995,2156,2160,2189,2309,2355,2276.5,2273,2234,2355,2400,2422,2475,2350,2435,2460.5,2502,2546.5,2521,2445.5,2475,2495,2581.5,2603,2615,2604,2561.5,2650,2715.5,2440,2518,2367.5,2308,2443,2673,2583.5,2612,2619,2587,2615
"Charleston","SC","Charleston","Charleston",118,,,,,,,,,,,,,,,,,,,,,,,,,,,,,,,,,,,,,,,,,,,,,,,,,,,,,1350,1250,1300,1200,1175,1162,1200,1175,1200,1290,1392,1335,1202,1250,1202,1357.5,1365,1261.5,1319,1315.5,1300,1365,1304,1340,1310,1356,1310,1252,1283,1297.5,1284,1400,1350,1300,1374,1340,1370
"Bridgeport","CT","Stamford","Fairfield",119,,,,,,,,,,,,,,,,,,,,,900,900,885,900,900,925,987.5,900,900,1000,1000,1000,950,950,875,900,950,950,950,950,950,962.5,950,950,975,950,1050,950,925,910,925,975,1000,1000,900,900,900,950,950,950,950,875,875,950,1000,985,962.5,995,1050,1100,1075,1037.5,1050,1050,1150,1095,1075,1025,1050,1050,987.5,975,975,925,1000,1050,1065,1050,1050
"Eugene","OR","Eugene","Lane",120,,,,,,,,,,,,,,,,,595,580,615,625,570,585,597.5,595,595,615,595,595,600,600,595,575,595,595,595,600,625,625,625,600,600,625,625,625,625,625,625,625,625,635,645,650,645,650,695,625,650,650,650,625,625,645,650,650,695,700,700,715,750,795,735,750,767.5,750,795,795,725,737.5,725,795,850,895,875,795,695,750,795,857.5,895
"Round Rock","TX","Austin","Williamson",121,,,,,,,,,,,,,,,,,,,774,757,775,795,795,775,765,765,765,745,749,765,810,820,810,808,805,815,795,809,805,810,820,812,820,848,832,832,848,856.5,856,865,865,858,880,862.5,862.5,882,891.5,880,880,870,860,860,860,865,882,884,884,890.5,904,973,995,940,921.5,930,925,914,891,922,894,957.5,867.5,892,888,925,947.5,947.5,974.5,997.5,995
"Hampton","VA","Virginia Beach","Hampton City",122,,,,,,,,,,,,,,,,,,,,,,807,748.5,782.5,846,846,780,755,790,775,801,779,791.5,735,735,753.5,735,775,789,785,764.5,700,700,695,685,675,695,695,695,700,725,700,700,700,745,750,749,749,750,775,765,775,775,770,755,775,752.5,752.5,750,825,805,815,799,814,827.5,835,810,815,825,805,825,799.5,789.5,825,852.5,860,875,890,899
"Pasadena","CA","Los Angeles-Long Beach-Anaheim","Los Angeles",123,,,,,,,,,,,,,,,,,,,,,,,,,,,,,,,,,,,,,,,,,,,,,,,,,,,,,1919,2000,1995,1972,1923,1960,1955,1864,1996,1979.5,1950,1965,2005,1962.5,2005.5,1985,1979,1919,1960,2005,2002.5,2060,2021,1991,2027,2127,1999,1976,1939,2060,1950,2156.5,2200,2351,2300,2200,2238
"Torrance","CA","Los Angeles-Long Beach-Anaheim","Los Angeles",124,,,,,,,,,,,,,,,,,,,,,,1225,1195,1195,1197.5,1150,1175,1200,1150,1235,1237.5,1295,1350,1312.5,1200,1250,1250,1275,1300,1325,1330,1295,1284.5,1275,1275,1250,1285,1295,1275,1295,1297.5,1295,1295,1300,1295,1247.5,1250,1250,1295,1325,1325,1300,1295,1300,1295,1300,1350,1395,1400,1450,1450,1455,1450,1450,1550,1455,1550,1475,1450,1462.5,1495,1485,1495,1525,1550,1550,1547.5,1535,1505
"Columbia","SC","Columbia","Richland",125,,,,,,,,,,,,,,,,,,,,,,,,,,,,,,,,,,,,,,,,,,,,,,,,750,745,712.5,750,709.5,785,850,855,787.5,744,742.5,738,727.5,745,775,731.5,687.5,772.5,780,725,735,780,775,760.5,775,705,745,750,750,705,750,730,740,745,699,800,725,700,800,780,800,820
"Tyler","TX","Tyler","Smith",126,,,,,,,,,,,,,,,,,,,,,,,,,,,,,,,,,,,,,,,,,,,,,,,,,,,,,816,757,700,718.5,720,752,773,782,794,799,745,779.5,789,762,732,725,743,727,708,725,712.5,739,763,746.5,760,739,753,776,727,739,727,761,725,807,772.5,775,800.5
"McKinney","TX","Dallas-Fort Worth","Collin",127,,,,,,,,,,,,,,,,,,,,,,,,,,,,,,,,,,,,,,,,,,,,,,,,858,850,850,869,827.5,880,900,893,866,881,902.5,914,873,871,875,900,919.5,964,938,930,949,952.5,934,929,933,945,934.5,918,970,951,1033,1020,1000,905,1003,959,954.5,976,995,1011,1025,1020
"Renton","WA","Seattle","King",128,,,,,,,,,,,,,,,,,,,,,,,,,,,,,,,,,,,,,,,,1125,1150,1046,995,932,895,965,1027,1114.5,999,1084.5,1160,1197.5,1245,1200,1185,1100,1095,1198,1224,1188.5,1188.5,1280,1195,1330.5,1295,1290.5,1295,1323,1289,1227.5,1285,1270,1257,1300,1312.5,1314,1441,1320,1340,1342.5,1395,1289,1266.5,1269.5,1292.5,1305,1335,1392,1420
"Inglewood","CA","Los Angeles-Long Beach-Anaheim","Los Angeles",129,,,,,,,,,,,,,,,,,,,,,,,,,,,,,,,,,,,,,,,,,,,,,,,,,,,,,,,,,,,,,,,,,,,,,,,,,,,,1145,1100,1195,1195,1175,1197.5,1150,1250,1250,1312.5,1295,1335,1345,1345
"New Haven","CT","New Haven","New Haven",130,,,,,,,,,,,,,,,,,,1250,1325,1277.5,1225,1225,1262.5,1300,1200,1225,1200,1250,1250,1290,1250,1200,1150,1100,1100,1030,1050,1150,1200,1250,1245,1225,1200,1150,1197.5,1195,1175,1150,1100,1160,1150,1200,1150,1195,1100,997.5,950,1085,1000,1050,1050,1230,1250,1205,1225,1195,1195,1100,1050,1150,1095,1095,1100,1275,1275,1250,1149.5,1250,1250,1100,1200,1100,1100,1099.5,1100,1150,1200,1150,1100
"Bloomington","IN","Bloomington","Monroe",131,,,,,,,,,,,,,,,,,,,,,,,,,790,825,870,957.5,950,850,879,867,840,827,818.5,800,800,822,843,821,775,735,620,620,665,750,750,750,665,665,717.5,750,767.5,800,800,800,750,675,675,680,750,722.5,785,677.5,675,670,662.5,705,770,675,702.5,675,675,665,675,725,715,722.5,797,725,765,772,715,722.5,750,800,715,675,675
"Miramar","FL","Miami-Fort Lauderdale","Broward",132,,,,,,,,,,,,,1050,1050,1100,1000,1050,1100,1150,1100,1100,1085,1100,1100,1075,1100,1100,1100,1100,1100,1100,1142.5,1100,1105,1142.5,1105,1175,1155,1175,1200,1195,1175,1200,1175,1180,1185,1199.5,1220,1200,1200,1200,1200,1200,1200,1200,1200,1200,1275,1250,1250,1275,1275,1327.5,1350,1350,1350,1350,1275,1300,1300,1312,1350,1330,1350,1375,1300,1375,1367.5,1350,1370,1300,1300,1275,1332.5,1362.5,1350,1375,1350,1400
"Coral Springs","FL","Miami-Fort Lauderdale","Broward",133,,,,,,,,,,,,,850,895,895,850,850,875,890,875,875,882,890.5,900,900,950,910,950,975,964,930,960,935,930,945,950,975,964,960,975,975,950,950,950,950,950,937.5,925,950,950,950,990,950,975,975,975,975,950,975,1000,1000,1030,1077.5,1095,1050,1067.5,1065,1100,1065,1050,1050,1100,1100,1100,1100,1100,1145,1150,1145,1132.5,1150,1150,1150,1150,1150,1200,1200,1150,1200
"Stamford","CT","Stamford","Fairfield",134,,,,,,,,,1609,1600,1611.5,1560.5,1765,1767.5,1817.5,1877,1860,1800,1700,1592.5,1600,1500,1500,1600,1700,1715,1745,1650,1675,1675,1700,1650,1767,1745,1727.5,1834.5,1825,1849,1861.5,1867,1847,1870,1839.5,1750,1650,1625,1600,1600,1605,1600,1700,1790,1750,1795,1895,1765,1762.5,1750,1797.5,1772.5,1835,1855,1895,1925,1875,1900,1895,1925,1850,1910,1865,1852.5,1850,1800,1885,1950,1865,1897.5,1895,1850,1895,1815,1895,1799.5,1760,1800,1825,1899,1875
"Savannah","GA","Savannah","Chatham",135,,,,,,,,,,,,,,,,,,,,,,,,,,,,,,,,,,,,,,,,,,,,,,,,,,,,,,,,,,,,,,,,,995,922.5,957.5,950,902,840,840,842.5,902.5,925,909,905,931.5,902,923.5,938,875,971.5,1050,950,1107,1125,1122,1119,1150
"Frisco","TX","Dallas-Fort Worth","Collin",136,,,,,,,,,,,,,,,,,,,790,761.5,769,836.5,840,827,880,890,870,825,890,875,860,899.5,929,900.5,858,895,907.5,912.5,902,900,905.5,918,916.5,929,895,987,959,960,939.5,934,970,896.5,985,1065,879,885,889,1024.5,1057,1048,900,890,949.5,985,1042,1050,1069,1069.5,1060,1025,1025,1050,1065,1074.5,1084,1136,1116,1129,1147,1145,1176.5,1089,1184,1229,1219,1229,1219,1195,1194
"Carrollton","TX","Dallas-Fort Worth","Denton",137,,,,,,,,,,,,,,,,,,,,,,,,,,,,,,,,,,,,,,,,,,,,,,,,,,,,,,,,,,,,,,,,,,,,,,,,,,1004.5,1028,1028,1074,1087,1074,1074,1082,1098,1061.5,1013,1063.5,1063,1087,1090,1090
"Billings","MT","Billings","Yellowstone",138,,,,,,,,,,,,,,,,,,,,,,,,,,,,,,,,,,,,,,,,,,,,,,,,,,595,595,550,575,545,575,575,562.5,575,595,550,550,625,625,585,585,590,585,552.5,575,585,570,575,595,585,600,590,580,550,635,640,550,575,595,575,597.5,600,595,600,650
"Allentown","PA","Allentown","Lehigh",139,,,,,,,,,,,,,,,,,,,,,,,684,700,825,775,712.5,835,740,725,755,725,740,700,695,675,670,680,700,725,700,680,650,690,650,650,675,695,692.5,685,677,695,675,650,700,687.5,700,715,742,745,765,750,727,750,750,785,729,725,750,785,867.5,812.5,754.5,790,797.5,812.5,795,795,795,907.5,810,877.5,742.5,845,797.5,797,800,895,895
"Santa Clara","CA","San Jose","Santa Clara",140,,,,,,,,,,,,,,,,,,,,,,,,,,,,,,1785.5,1750,1700,1712,1698.5,1725,1695,1722,1826.5,1814.5,1931,1850,1977.5,1982,1821,1890,1776,1831,1895,1825,1795,1866,1920,2183,2233.5,2192.5,2197,2122.5,2107.5,2103.5,2165,2195,2342,2326.5,2310,2314,2355.5,2395,2314,2300,2216,2200,2335,2286,2375,2393,2337,2350,2429.5,2398,2398,2195,2266,2518,2448,2459.5,2400,2363.5,2449,2619
"Cary","NC","Raleigh","Wake",141,,,,,,,,,,,,,,,,,,,,,,,,657.5,690,769,764.5,743.5,736,730,750,765,775,785,818.5,790,788,799,805,830,817.5,849,862,959,959,850,841,849,849,865,852,849,860,849.5,839,786,778,817.5,819,829,819,845,849.5,869,907,869,869,872,950,884,899,899,909,905,927.5,947,939,967,949,1035,935,907,902,961.5,949,960,1005,992,1005
"Conroe","TX","Houston","Montgomery",142,,,,,,,,,,,,,,,,,,,,,,,,,,,,,,,,,,,,,,,,,,,,,,,,,,,,,,,,,,,,,,,,,,,922,956,889,876,911,915,925,938,878,900,995,999,895,985,955,825,877,939,962,951,950,989,970
"Falls Church","VA","Washington","Fairfax",143,,,,,,,,,,,,,,,,,,,,,,,1382.5,1470,1475,1454.5,1490,1472.5,1425,1450,1450,1495,1430,1425,1425,1414,1399,1425,1445,1445,1459,1424.5,1400,1400,1395,1380,1395,1397.5,1400,1400,1400,1400,1400,1400,1442,1421,1415,1400,1407.5,1499,1517,1519,1500,1450,1500,1500.5,1500,1500,1516,1550,1550,1550,1552,1510.5,1539,1595,1550,1625,1585.5,1600,1550,1550,1595,1600,1595,1607,1600,1602,1830
"Denton","TX","Dallas-Fort Worth","Denton",144,,,,,,,,,,,,,,,,,,,610,615,619,620,619,625,650,680,645,655,697,655,629,673.5,681,665,642.5,669,650,669,669,743,743,743,743,743,743,743,743,731,719,724,729,743,743,740.5,739,743,762.5,797.5,770,800,794.5,777.5,750,743,743,743,750,743,743,743.5,746.5,770,753,758,750,769.5,818.5,785,745,797,770,750,840,829.5,909,945,850,886.5,859.5
"Thornton","CO","Denver","Adams",145,,,,,,,,,,,,,,,,,,,,,,,,,,,,,,,,,,,,,,,,,,,,,,,,,,,,,,,,,,,,,,1046.5,1030,1082,1065,1155,1124,1124,1198,1170.5,1126.5,1073.5,1100,1181.5,1209,1228,1184,1185,1181,1318,1123,1139.5,1134,1179,1197,1203,1227,1207.5,1209
"Frederick","MD","Washington","Frederick",146,,,,,,,,,,,,,,,,,,,,,,,,,,,,,,,,,,,,,,,,,,,,,,,,,,,,,,1255,1288,1275.5,1209,1199,1215,1225.5,1225.5,1215,1219,1280,1255,1282,1199,1195,1241,1237,1226.5,1202.5,1200,1242,1099,1127.5,1085,1112.5,1115,1000,1137.5,1208,1025,1105,1140.5,1177,1192.5,1276,1251
"Westminster","CO","Denver","Adams",147,,,,,,,,,,,,,,,,,,,,,,,,,,,,,,,,,,,,,,,,,,,,,,,,,,,,,,,,,,,,,,,,,,,,,1138,1134.5,1130,1185,1155,1161.5,1135.5,1166,1136,1196,1193,1196,1157,1136,1059,1185.5,1224,1300.5,1278,1257,1250
"Waterbury","CT","New Haven","New Haven",148,,,,,,,,,,,,,,,,,,,,,,,,,,,,,,,,,,,,,,,,,,,,,,,,,,,,,,,,,,,,,,,,,,,,,,,,,,,,,717.5,700,732.5,750,700,700,700,700,700,750,750,750,725
"Costa Mesa","CA","Los Angeles-Long Beach-Anaheim","Orange",149,,,,,,,,,,,,,,,,,,,,,,1407,1374,1399,1432.5,1435,1432.5,1435.5,1455,1465,1465,1460,1407.5,1475,1399,1437,1450,1497.5,1464,1430.5,1429,1440,1400,1381.5,1401,1411.5,1450,1450,1445,1450,1540.5,1526,1472,1490,1550,1604,1811,1817,1820,1785,1780,1715,1700,1707.5,1705,1728,1740,1740,1723,1775,1779,1739,1842.5,1795,1819,1802.5,1820,1809,1765,1807,1680,1740,1694,1775,1866,1906.5,1817,1867,1815
"Manchester","NH","Manchester","Hillsborough",150,,,,,,,,,,,,779,829,825,795,760,829,750,809,822,809,809,804,799,809,822,829,819,769,769,767,812.5,849,859,819,825,795,800,839,832,782,800,852.5,849.5,850,822,825,850,855,849,850,849,849,845,864.5,850,860,870,870,850,849,835,899,869,889.5,900,879,879,865,850,825,849,850,927,959,950,914.5,959,925,1042.5,989,959.5,900,989,997,999,1000,1095,1070
"Ventura","CA","Ventura","Ventura",151,,,,,,,,,,,,,,,,,,,,,,,,,,,,,,,,,,,,,,,,,,,,,,,,,,,,,,,,1330,1285,1200,1302.5,1450,1450,1450,1450,1490,1495,1457.5,1350,1470,1450,1425,1485.5,1500,1385,1395,1422.5,1475,1450,1475,1450,1569,1400,1395,1362.5,1397.5,1425,1410,1405,1437.5,1425
"Cambridge","MA","Boston","Middlesex",152,,,,,,,,,,,,,,,,,,,,2194,2200,2300,2300,2390,2400,2300,2140,2120,2167.5,2200,2275,2300,2500,2450,2400,2350,2400,2400,2350,2240,2260,2305,2350,2350,2395,2365,2350,2350,2310,2250,2250,2250,2290,2300,2300,2300,2350,2375,2300,2300,2310,2232.5,2285,2295,2300,2300,2305,2400,2350,2335,2300,2253,2250,2300,2300,2347.5,2322.5,2350,2350,2399,2400,2350,2400,2295,2300,2300,2360,2385,2400
"Everett","WA","Seattle","Snohomish",153,,,,,,,,,,,,,,,,,,,,,725,725,735,737.5,817.5,922.5,880,830,790,820,857.5,852.5,860,883.5,885,875,900,900,905,860,845,855,845,825,850,822.5,875,930,950,940,925,970,935,899.5,882.5,895,937.5,940,905,899,945,947.5,945,965,945,947.5,962.5,990,1015.5,1045,1025,1023,1035,1045,1000,1041,1070,1063,1066,1055,1072,1065,1065,1070,1065,1110,1139,1185,1189
"Clearwater","FL","Tampa","Pinellas",154,,,,,,,,800,800,700,700,733.5,712.5,700,704,799,766.5,699.5,737.5,750,795,780,759.5,750,774,800,850,831,815,795,761.5,759,734.5,749,759,756,749,779,789,765,759,750,750,725,750,724.5,837,850,800,833,850,862.5,850,850,850,888,850,855,855,854.5,850,950,970,967.5,899,899,899,918,850,919.5,1009,993,946.5,951,914,945,1049,894,1000,950,891,940,849,882.5,975,949,960.5,966,945
"Wilmington","NC","Wilmington","New Hanover",155,,,,,,,,,,,,,,,,,,,,,585,550,629,629,650,629,634,670,639.5,629,650,689,719.5,676,630,664,673,713,723,703.5,700,750,650,750,695,695,737.5,699,750,749,749,749,707.5,700,697,715,749,745,749,695,750,777,770,759.5,730,739,750,768,775,764,780,800,850,852,850,808,825,839.5,847,880.5,848,950,825,795,814,848.5,875,842,839
"Pompano Beach","FL","Miami-Fort Lauderdale","Broward",156,,,,,,,,,,,,825,850,850,895,875,855,850,875,892.5,895,875,875,900,875,925,900,900,900,895,899,900,900,900,900,900,900,900,912.5,950,925,900,900,925,950,950,950,945,932.5,950,950,960,950,950,955,950,950,950,950,1000,950,1050,1135,1150,1050,985,1000,1000,999,1000,1000,1000,1000,1100,1100,1100,1090,1200,1200,1277.5,1150,1197.5,1050,1125,1150,1200,1200,1242.5,1200
"Lewisville","TX","Dallas-Fort Worth","Denton",157,,,,,,,,,,,,,,,,,,,669,669,682.5,692,699,701,716,734,699,731.5,730,700,680,687,686,700,718.5,740,710,746,755,774,753,773.5,769,825,825,825,820,795,780,790,812.5,835,836.5,780,839,839,812,810.5,779.5,819.5,789,760,780.5,826,870,883,877,885,875,920,985.5,927,894,891,905,939,975,970,966.5,997.5,960,1052.5,1005,940,950,977,1005,1016,1045
"Beaverton","OR","Portland","Washington",158,,,,,,,,,,,,,,,,,,,,,,,,,,,,,,,,,,,,,,,,,,,,,885,872,850,850,850,866,860,862,870,885,929.5,915,931,938.5,964.5,964.5,950,955,955,1020,1050.5,1102.5,1145,1145,1125,1255,1280,1215,1205,1179.5,1160,1152,1180,1154,1197.5,1095,1095,1185,1095,1200,1160,1190,1190.5,1245,1275
"West Palm Beach","FL","Miami-Fort Lauderdale","Palm Beach",159,,,,,,,,,,,,,,,,,,,,,,,,,,,,,,,,,,,,,,,,,,,,,,,,1010,975,950,950,950,950,1000,1025,1097.5,1017.5,1050,1050,1000,1000,1000,1087.5,1152,1200,1180,1221,1225,1246,1200,1200,1246,1280,1295,1300,1300,1350,1350,1300,1170,1325,1225,1145,1250,1257.5,1294,1340,1350,1340
"Norcross","GA","Atlanta","Gwinnett",160,,,,,,,,,,,,,,,,,,,,,,,,,,,,,,,,,,,,,,,,,,,,,,,,,,,,,,,,,,,,,,,,,,,,,,732.5,683,700,750,767,776,781.5,759,735,730,750,770,762.5,746,806,840,824,835,845,845
"San Mateo","CA","San Francisco","San Mateo",161,,,,,,,,,,,,,,,,,,,,,,,,,,,,,,,,2094.5,2066.5,1880,1975,1954,1933,1951,1960,1963,2132,2200,2100,2100,2240,2090,2139,2095,1969,1992,2085,2335,2400,2395,2365,2294,2286,2458,2395.5,2383,2406.5,2469,2411,2550,2560,2544.5,2698,2675,2650,2431.5,2498,2620,2650,2609,2658,2498,2527,2549,2385,2503,2498,2525,2498,2491.5,2500,2565,2525,2559.5,2650
"Sandy Springs","GA","Atlanta","Fulton",162,,,,,,,,,,,,,,,,,,,855,875,795,799,889,800,797,758,758.5,777.5,793.5,800,755,750,746.5,743,750,765,752.5,759,755,795,799,801,795,781.5,877,850.5,864,965,952,1009,1050,986,1088,1000,1025,955,1000,1030,1034.5,1060,1071,1082,1034.5,1003,1033,1023,1032,1032,1050,1138,1200,1164,1091,1116.5,1105,999,979,999,958,999,1019.5,1075,1043,1090,1092.5,1058,1086.5,1175,1160
"Albany","NY","Albany","Albany",163,,,,,,,,,,,,,,,,,,,,,,,,,,,,,,,,,,,,,,,,,,,,,,,,,,,,,,,,,,,,,,,,,,,,,,,,1062.5,947.5,950,980,862.5,925,885,850,897.5,950,897.5,850,980,900,875,895,855,875
"Richardson","TX","Dallas-Fort Worth","Dallas",164,,,,,,,,,,,,,,,,,,,,,,,,,,,,,,,,,,,,,,,,,,,,,,,,,,,,,,,,,,,,,1019,1052.5,1080,1070.5,1103,1067.5,1083,1090,1195.5,1177,1159,1175,1215,1182,1221.5,1120,1176,1253,1185,1207,1210,1316.5,1148,1279,1252,1297.5,1255,1310,1350
"Laurel","MD","Washington","Prince Georges",165,,,,,,,,,,,,,,,,,,,,,,,,,,,,,,,,,,,,,,,,,,,,,,1195,1173.5,1223.5,1200,1200,1263,1408.5,1312,1301,1250,1285,1335,1314,1257,1225,1190,1190.5,1200,1235,1232.5,1240,1225,1232.5,1224,1239,1255.5,1249,1262,1268,1270,1273,1200,1248,1225,1294,1255,1248.5,1269.5,1289,1510,1502.5,1500,1339,1275
"Davie","FL","Miami-Fort Lauderdale","Broward",166,,,,,,,,,,,,,,,,,,,,,,,,,,,,,,,,,,,,,,,,,,,,,,,,,,,,,,,,,,,,,,,,,,,,,,,,,,,1459,1395,1403,1330,1400,1482,1336,1280,1309,1346.5,1404,1402,1319,1418,1431
"West Chester","PA","Philadelphia","Chester",167,,,,,,,,,,,,,,,,,,,,,,,,,,,,,,,,,,,,,,,,,,,,,,,,,,,,,,,,,1299.5,1300,1400,1403.5,1382,1274,1349,1372,1400,1390,1300,1284,1217.5,1292.5,1187,1250,1259,1345,1366,1307.5,1325,1360,1320,1352.5,1380,1274.5,1299,1311.5,1380,1401,1295,1295,1315
"Columbia","MD","Baltimore","Howard",168,,,,,,,,,,,,,,,,,,,,,1200,1325,1400,1325,1296.5,1292,1276,1281,1271,1268,1290,1340,1285.5,1279,1253,1249,1277,1268.5,1288,1290,1243,1218,1254,1259.5,1248.5,1295,1297.5,1269,1257.5,1315,1360,1325,1342.5,1277.5,1277.5,1274,1269,1260,1257.5,1257.5,1347.5,1370,1420.5,1403,1347.5,1339.5,1375,1371.5,1354.5,1385,1360,1385.5,1385,1360,1340,1335,1394,1340,1312.5,1350,1315,1360,1370,1450,1527.5,1493,1476.5,1612,1457
"Newton","MA","Boston","Middlesex",169,,,,,,,,,,,,,,,,,,,,,,,,,,,,,,1512.5,1500,1600,1700,1647.5,1550,1500,1550,1575,1550,1585,1650,1700,1675,1725,1700,1675,1650,1620,1650,1650,1650,1682.5,1695,1750,1700,1700,1700,1700,1690,1682.5,1675,1650,1675,1700,1700,1775,1900,1750,1850,1750,1700,1750,1750,1700,1750,1750,1750,1750,1750,1750,1750,1700,1745,1700,1800,1795,1800,1800,1825
"Brockton","MA","Boston","Plymouth",170,,,,,,,,,,,,,,,,,,,,,,,,,900,899,900,900,950,937.5,950,950,962.5,950,950,950,950,950,975,975,975,975,975,975,997.5,992.5,1000,992.5,1000,1012.5,1050,1000,1025,1025,1025,1025,1025,1025,1000,1025,1037.5,1015,1025,1025,1000,1050,1025,1000,1000,1000,1025,1025,1025,1012.5,1000,1012.5,1000,1000,1025,1025,1050,1037.5,1050,1050,1050,1050,1050,1050,1050
"Mission Viejo","CA","Los Angeles-Long Beach-Anaheim","Orange",171,,,,,,,,,,,,,,,,,,,,,,,,,,1315,1325,1290,1360,1317.5,1337.5,1325,1430,1397.5,1380,1377.5,1417.5,1417.5,1405,1500,1394,1444,1380,1500,1560,1427.5,1430,1515,1510,1402.5,1459.5,1459,1469.5,1500,1545,1555,1589,1560,1569.5,1565,1635,1640,1599.5,1672.5,1709.5,1675,1670,1660,1714,1719.5,1695,1726.5,1755,1795,1769,1758,1839,1745.5,1789.5,1843,1749,1760,1790,1760,1812,1830,1807,1827,1885.5
"Highlands Ranch","CO","Denver","Douglas",172,,,,,,,,,,,,,,,,,,,,,,,,,,,,,,,,,,,,,,,,,,,,,,,,,,,,,,,,,,,,1288.5,1305,1218,1336,1326,1386,1430,1365,1362,1364,1352.5,1400,1369,1359,1360,1355,1357,1387,1324,1330,1354,1348.5,1380,1359,1350,1383,1406,1488,1473,1459
"Hillsboro","OR","Portland","Washington",173,,,,,,,,,,,,,,,,,,,,,,,,,,,,,,,,,,,,,,,,,,,,,,965,965,975,1030,1010,1040,1030,1065,1050,1020,1046,1045,1063.5,1020,1020,1067.5,1125,1122.5,1188,1311.5,1261,1265,1293,1280,1360.5,1398,1396,1409,1410,1405,1405,1427,1433,1326.5,1334,1300,1290,1250,1415,1419,1406,1375,1365,1364
"Santa Monica","CA","Los Angeles-Long Beach-Anaheim","Los Angeles",174,,,,,,,,,,,,,,,,,2200,2082.5,2200,2195,2400,2347.5,1997,2145,2150,2150,2320,2224,2375,2444.5,2539,2375,2200,2180,2204,2312.5,2202,2204,2300,2400,2355,2582.5,2475,2475,2445,2195,2400,2415,2360,2305,2315,2595,2550,2570,2540,2597.5,2640,2500,2535,2595,2630,2600,2595,2653,2800,3000,2962.5,3000,3085,2800,2750,2950,3200,3200,2940,2950,3025,2765,2908,3000,2895,3056.5,2975,2850,3000,2950,2960,2940,2950
"Plantation","FL","Miami-Fort Lauderdale","Broward",175,,,,,,,,,,,,,950,950,935,900,945,950,950,990,960,960,950,986.5,1014,1021,1000,1000,1035.5,1047,1102,1077,1050,1070,1080,1100,1110,1075,1050,1058,1049,1099,1080,1000,1025,1050,1070,1100,1101,1129,1150,1150,1190,1150,1150,1150,1155,1155,1176,1172,1200,1200,1200,1253,1250,1250,1250,1250,1249,1269.5,1297.5,1300,1319,1301,1279,1324,1261,1294,1239,1295.5,1226,1204.5,1240,1300,1300,1300,1300,1313,1359
"Miami Beach","FL","Miami-Fort Lauderdale","Miami-Dade",176,1700,1650,1650,1600,1600,1487.5,1500,1600,1650,1700,1800,1562.5,1500,1500,1500,1500,1500,1500,1500,1500,1592.5,1600,1600,1600,1600,1600,1700,1750,1700,1695,1700,1692.5,1650,1650,1650,1650,1650,1700,1709,1700,1700,1750,1750,1750,1750,1800,1800,1800,1800,1790,1769,1800,1800,1800,1759,1700,1700,1750,1795,1800,1800,1800,1850,1900,1950,1875,1850,1850,1900,1900,1950,1995,2000,1900,1850,1800,1821,1800,1800,1750,1800,1850,1750,1750,1750,1800,1750,1750,1702
"Herndon","VA","Washington","Fairfax",177,,,,,,,,,,,,,,,,,,,,,,1357.5,1472,1623.5,1432.5,1395,1400,1440,1438,1379,1435,1481.5,1497.5,1530,1462.5,1445,1466,1475,1465,1490,1504,1509,1506,1379,1450,1409,1400,1419,1399.5,1399,1399,1395,1413,1450,1502.5,1430,1425,1427.5,1434,1429,1426,1450,1470,1473,1484,1470,1470.5,1462,1450,1449.5,1450,1450,1475,1516,1524.5,1501,1505,1500,1485,1525,1505,1471,1500,1482,1509,1573,1559,1585.5,1590.5
"Boulder","CO","Boulder","Boulder",178,,,,,,,,,,,,,,,,,,,,,,,,,,,,,,,,,,,,,,,,,,,,,,,,,,,,,,,,,,,,1400,1544,1440,1350,1295,1420,1500,1650,1645,1500,1450,1475,1519,1500,1500,1500,1480.5,1495,1445,1522,1541.5,1475,1597.5,1400,1500,1496,1513,1495,1450,1495
"Norwalk","CT","Stamford","Fairfield",179,,,,,,,,,,,,1500,1500,1500,1475,1350,1475,1300,1475,1600,1600,1569.5,1500,1487.5,1500,1637.5,1680,1650,1632.5,1575,1525,1490,1560,1686,1700,1804,1800,1680.5,1764.5,1600,1598,1700,1712.5,1542.5,1557.5,1605,1625,1550,1690,1630,1612.5,1645,1650,1650,1650,1650,1600,1625,1700,1715,1652.5,1602,1602,1600,1680,1700,1735,1690,1675,1772.5,1770,1770,1780,1750,1745,1745,1828.5,1700,1597.5,1780,1700,1550,1650,1595,1640,1700,1740,1700,1700
"Germantown","MD","Washington","Montgomery",180,,,,,,,,,,,,,,,,,,,,,,,,,,,,,,,,,,,,,,,,,,,,,,,,,,,,,,,,,,,,,,,,,,,,,1359,1379,1437.5,1450,1450,1438.5,1527,1363.5,1250,1231,1317,1205,1245,1224,1178,1100,1215,1260.5,1250,1359,1299
"Hawthorne","CA","Los Angeles-Long Beach-Anaheim","Los Angeles",181,,,,,,,,,,,,,,,,,,,,,,,,,,,,,,,,,,,,,,,,,,,,,,,,,,,,,,,,,,,,,,,,,,,,,,,,,,,,,1150,1150,1125,1197.5,1212.5,1225,1225,1250,1250,1295,1300,1300,1307.5
"Santa Barbara","CA","Santa Maria-Santa Barbara","Santa Barbara",182,,,,,,,,,,,,,,,,,,,,,,,,,,,,,,,,,,,,,,,,,,,,,,,,,,,,,,,,,,,,,,,,,,,,1950,1925,1925,1900,1875,1875,1912,1900,1897.5,1875,1875,1792.5,1775.5,1850,1850,1900,1864.5,1946.5,1912.5,1962.5,1900,1904.5
"Kent","WA","Seattle","King",183,,,,,,,,,,,,,,,,,,,,,,,,,,,,,,,,,,,,,,,,,,,,,,775,775,775,775,775,850,850,925,928,940,968,955,961.5,950,939,931,945,967.5,960,969,1027,1024,1012,987,975,995,1040,1025,1071,1115,1102,1120,1087.5,1095,1095,1060.5,1031,1095,1162.5,1104.5,1156,1175.5,1215,1271.5
"Quincy","MA","Boston","Norfolk",184,,,,,,,,,,,,,1200,1300,1300,1275,1300,1300,1395,1408,1400,1491,1410,1360,1399,1450,1458,1458,1500,1470,1593,1639.5,1698,1710.5,1545,1501.5,1495,1535,1535,1500,1465,1483,1495,1500,1450,1500,1484,1450,1458,1450,1506,1533.5,1550,1569,1585,1550,1550,1550,1503,1530,1539,1450,1460,1550,1545,1600,1600,1603,1590,1628,1629,1650,1633.5,1670,1700,1675,1670,1692,1610,1700,1610.5,1550,1551,1646,1694.5,1700,1700,1760,1792
"Danbury","CT","Stamford","Fairfield",185,,,,,,,,,,,,,,,,,,,,,,,,,,,,,,,,,,,,,,,,,,,,,,,,,,,,,,,,,,,,,,,,,,,,,,,,,,1732.5,1817,1816,1610,1530,1538,1660,1590,1492,1470,1470,1562,1592,1597,1599,1622.5
"Arden-Arcade","CA","Sacramento","Sacramento",186,,,,,,,,,,,,,,,,,,,,650,650,650,650,650,670,685,675,670,660,675,730,695,699,735,735,675,695,700,689,675,650,669,695,675,675,677.5,675,695,695,695,695,675,695,675,677.5,722.5,677.5,692.5,690,677.5,677.5,690,700,750,750,750,695,760,775,805,834,797.5,775,795,845,825,775,825,855,795,847.5,845,825,895,907,938,947,910,927.5
"Glen Burnie","MD","Baltimore","Anne Arundel",187,,,,,,,,,,,,,,,,,,,,,,,,,,,,,,,,,,,,,,,,,,,,,,,,,,,,,,,,,,,959,965,1047,992,975,988,1005,1002,999,999,1005,1006,1027,1036,1035,1075,1100,1107.5,1160,1144.5,1100,1045,1068,1100,1075,1105,1140,1087.5,1080,1075,1075
"Ashburn","VA","Washington","Loudoun",188,,,,,,,,,,,,,,,,,,,,,,,,,,,,,,,1378,1352.5,1331,1352.5,1307,1325,1318,1330,1367,1379,1393,1422,1440,1399.5,1367,1329.5,1322,1325,1329.5,1346,1365,1371,1373,1395,1484.5,1382,1329.5,1315,1346,1346,1339,1339.5,1343.5,1376,1369,1350,1357,1373,1345,1359,1308,1336.5,1350,1444.5,1470,1475,1470,1470,1397,1412,1400,1378.5,1386,1506,1564.5,1599.5,1609.5,1621,1592.5
"Longmont","CO","Boulder","Boulder",189,,,,,,,,,,,,,,,,,,,,,,,,,,,,,,,,,,,,,,,,,,,,,,,,,,,,,,,,,,,,,,,,,,,,,,,,,,980.5,1075.5,1269,1199.5,1167,1182,1206,1179.5,1134,1165,1149.5,1220,1192.5,1258,1349,1327
"Walnut Creek","CA","San Francisco","Contra Costa",190,,,,,,,,,,,,,,,,,,,,,,,,,,,,,,,,,,,,,,,,,,,,,,,,,,,,,,,,2081.5,2076.5,2073,1875,1875,2001.5,2037.5,1979.5,1864.5,1800,1950,2100,2250,2300,2175,2500,2580,2561.5,2394,2428,2245,2160,2247,2014,2043.5,1950,2146,2167.5,2165,2197.5,2397.5,2066.5,2025,2109
"Town 'n' Country","FL","Tampa","Hillsborough",191,,,,,,,,,,,,,,,,,,,,,,770,722.5,788,808.5,801,788,843,849,850,849,858,860.5,839,834.5,850,847,856.5,837,826.5,812,746.5,785,819,827,860,897.5,873.5,889,889,882,874,859.5,869,869,875,877,854.5,850,875,897.5,901.5,900,927,921,911.5,950,945,954.5,959,978.5,969,969,951.5,984,1019,1019,984,1067,1064,952,989,995,923.5,927,950,957,1031,1074
"Evanston","IL","Chicago","Cook",192,,,,,,,,,,,,,,,,,,,,,,,,,,,,,,,,,,,,,,,,,,,,,,,,,,,,,,,,,,,,1183,1200,1150,1183,1177.5,1195,1175,1200,1195,1240,1295,1257.5,1282.5,1295,1295,1235,1235,1250,1225,1225,1225,1183,1212.5,1175,1210,1350,1365,1350,1371.5,1350
"Redmond","WA","Seattle","King",193,,,,,,,,,,,,,,,,,,,,,,,,,,1355,1365,1382.5,1357.5,1350,1365,1392,1245,1228,1207,1273.5,1327,1264.5,1345,1345,1434,1410,1399,1385,1400,1410.5,1456,1474.5,1474.5,1458,1455,1512.5,1582.5,1594.5,1651,1548,1509,1498.5,1481,1515,1531,1545,1568,1566,1585,1667,1669,1645,1660,1621.5,1610,1626.5,1691.5,1743.5,1753,1750,1723.5,1607,1691,1650,1637,1634.5,1654,1645,1704,1750,1795,1791.5,1800
"Somerville","MA","Boston","Middlesex",194,,,,,,,,,,,,,,,,,,,,,,,,,,,,,,,,,,,,,1895,1885,1800,1600,1600,1650,1675,1700,1712.5,1675,1650,1700,1700,1702.5,1775,1700,1750,1850,1800,1800,1800,1800,1750,1700,1725,1800,1850,1850,1850,1900,1850,1800,1750,1750,1725,1800,1800,1895,1900,1950,1900,1900,1900,1950,1800,1900,1850,1900,2000,1900,1995,2000,1995
"Largo","FL","Tampa","Pinellas",195,,,,,,,,,,,,,,,,,,,,,,,,,,,,,,,,,,,,,,,,,,,,,,,,,,,,,,,,,,,,,,,,,818,795,795,800,825,895,895,880,855,895,869,906,865,809,805,810,745,742.5,760,780,835,790,800,870,860
"Wilmington","DE","Philadelphia","New Castle",196,,,,,,,,,,,,,,,,,,,,,,,,,,,,,,,,,,,,,,,,,,,,,,,,,,,,,,,,,,,1100,950,1021,985,1097,1108,1157,1090,1055,997,962.5,1050,925,995,975,1030,1025,1196,1124,1169,1129,1209,1125,950,1099,1110,1110,1145,1159,1127,1175
"New Rochelle","NY","New York","Westchester",197,,,,,,,,,,,,,,,,,,,,,,,,,1620,1670,1800,1600,1700,1571.5,1623.5,1534.5,1687,1657.5,1722.5,1735,1770,1750,1695,1702.5,1695,1500,1450,1450,1425,1400,1399,1350,1375,1395,1395,1399,1400,1450,1450,1399,1400,1399,1399,1400,1450,1400,1425,1425,1450,1475,1485,1495,1500,1550,1500,1500,1562.5,1500,1500,1495,1550,1595,1595,1595,1545,1497.5,1550,1547.5,1595,1625,1597.5,1600,1650
"La Mesa","CA","San Diego","San Diego",198,,,,,,,,,,,,,,,,,,,,,,,,,,,,,,,,,,,,,,,,,,,,,,,,,,,,,,,,,,,1270,1295,1250,1306,1275,1275,1465,1315.5,1350,1350,1350,1265,1262.5,1337.5,1437,1432,1376.5,1438.5,1475.5,1473,1500,1445,1450,1385,1425,1475,1495,1495,1450,1495,1495
"Framingham","MA","Boston","Middlesex",199,,,,,,,,,,,,,,,,,,,,,,,,,,,,,,,,,,,,,,,,,,,,,,,,,,,,,,,,,,,,,,,,,,,,,,,,,,,1506,1445,1421.5,1420,1450,1400,1400,1506,1375,1400,1387.5,1490,1545,1549,1530
"Lauderhill","FL","Miami-Fort Lauderdale","Broward",200,,,,,,,,,,,,,750,750,750,750,757.5,800,800,800,800,800,800,782.5,800,800,800,762,775,787.5,825,850,850,827.5,830,800,825,830,850,850,825,850,825,850,825,825,800,800,835,845,850,850,850,850,825,850,855,885,875,850,850,887.5,850,887.5,885,890,892.5,900,900,900,900,910,900,950,875,950,997.5,950,950,900,900,980,1100,950,962.5,980,1000,1025,1050
"Kirkland","WA","Seattle","King",201,,,,,,,,,,,,,,,,,,,,,,,,1150,999,988,975,1050,1010,1095,1032,1088,1250,1197.5,1100,1150,1226.5,1275,1332.5,1277.5,1417,1502.5,1449,1450.5,1493,1450,1495,1595,1511,1536,1575,1530,1700,1678,1615,1615,1610,1690,1592.5,1594,1569,1529,1582,1655,1730,1690,1732.5,1685,1630,1480,1578,1689,1700,1720,1737,1820,1838,1682,1695.5,1602,1770.5,1615,1777.5,1695,1747,1750,1843.5,1836.5,1826
"Redondo Beach","CA","Los Angeles-Long Beach-Anaheim","Los Angeles",202,,,,,,,,,,,,,,,,,,,,,,,,,,,,,,,,,,,,,,,,,,,,,,,,,,,,,,,,,,,,,,,,,,,,,,,,,,2297.5,2250,2097.5,1862.5,1995,1825,1895,2195,2150,1895,1895,2100,1995,1995,1950,1950
"Union City","NJ","New York","Hudson",203,,,,,,,,,,,,,,,,,,1200,1197.5,1195,1195,1275,1275,1200,1275,1250,1225,1195,1150,1195,1100,1150,1100,1100,1097.5,1100,1150,1172.5,1150,1250,1195,1150,1100,1150,1150,1150,1195,1150,1150,1150,1195,1275,1212.5,1225,1250,1195,1200,1250,1195,1250,1295,1295,1295,1250,1295,1295,1295,1295,1312.5,1350,1297.5,1295,1295,1295,1295,1350,1300,1300,1325,1350,1300,1300,1350,1350,1370,1395,1395,1395,1350
"East Orange","NJ","New York","Essex",204,,,,,,,,,,,,,,,,,,,,,,,,,,,,,,,,,,,,,,,918,885,850,875,875,875,925,950,875,875,895,895,895,900,925,895,897.5,925,950,925,925,975,975,975,950,975,975,965,965,975,975,950,975,995,995,1000,1100,995,1100,995,1050,1095,1072.5,995,1117.5,997.5,1037.5,1095,1100,1200,1200
"Mount Vernon","NY","New York","Westchester",205,,,,,,,,,,,,,,,,,1200,1250,1237.5,1225,1250,1200,1200,1200,1200,1200,1200,1200,1250,1225,1200,1200,1200,1200,1300,1300,1312.5,1350,1250,1250,1300,1300,1250,1275,1250,1350,1325,1325,1325,1312.5,1300,1325,1325,1350,1337.5,1297.5,1325,1300,1300,1325,1362.5,1350,1350,1337.5,1325,1350,1365,1385,1395,1400,1400,1400,1350,1350,1395,1325,1350,1387.5,1350,1395,1375,1350,1400,1400,1400,1425,1425,1450,1450
"Bethesda","MD","Washington","Montgomery",206,,,,,,,,,,,,,,,,,,,,,1824.5,2045,2045,2240,2255,2252.5,2145,2208,2275,2221.5,2250,2275,2282.5,2283,2295,2181.5,2271.5,2290.5,2250,2282.5,2265,2287.5,2164,2400,2305,2322.5,2095,2140,1841,1841,1925,2140,2305,2242.5,2120,2057,2005,1930,1964,1996,2040,2080,2199.5,2092.5,2169,2136,2130,2090,2083,2120,2077.5,2011.5,2120,2135,2160,2252.5,2305,1934,2135,2100,2072.5,2200,2230,2264,2276,2252,2247,2293.5,2185
"Laguna Niguel","CA","Los Angeles-Long Beach-Anaheim","Orange",207,,,,,,,,,,,,,,,,,,,,,,,,,,,,,,,,,,,,,,,,,,,,,,,,,,,,,,,,,,,,,,,,,,,,,,,,,,,,1736,1865,1653,1747,1752,1715,1949.5,1723,1799.5,1877,1858,1850,1848,1886.5
"Carmel","IN","Indianapolis","Hamilton",208,,,,,,,,,,,,,,,,,,,,,,,,,,,,,,,,,,,,,,,,,,,,,,,,,,,,,,,,,,,,,,989,907,877,850,849,884,920,879,896,920,925,884,893.5,901,900,872,858,870,875,874,855,874,954,954,960,972,954,884
"Hamden","CT","New Haven","New Haven",209,,,,,,,,,,,,,,,,,,,,,,,,,,,,,,,,,,,,,,,,,,,,,,,,,,,,,,1000,1025,1025,1025,1012.5,999.5,999.5,1000,1025,1085,1075,1140,1145,1195,1125,1125,1125,1125,1125,1125,1120,1115,1130,1125,1135,1200,1130,1127.5,1200,1115,1115,1067.5,1100,1115,1145,1145
"Tamarac","FL","Miami-Fort Lauderdale","Broward",210,,,,,,,,,,,,,800,800,800,800,800,825,800,850,800,800,799,800,825,840,850,850,825,850,862.5,850,850,850,875,850,850,850,850,847.5,800,850,850,850,875,875,850,850,850,875,890,900,950,905,900,900,950,900,950,925,925,950,963,950,944,950,969,956.5,963,975,1000,1000,990,1000,1000,1000,1050,1050,1000,1093,1000,1072.5,1000,1037.5,1037.5,1050,1050,1100,1150
"Waltham","MA","Boston","Middlesex",211,,,,,,,,,,,,,,,,,,,,1825,1790,1740,1710,1622,1627.5,1752.5,1775,1795,1780,1863,1860,1900,1997,1997,1942.5,1954.5,1997,1994,1997,1975,1997,1875,1858.5,1850,1750,1705,1695,1717.5,1692,1650,1650,1750,1780,1795,1775.5,1802.5,1755,1783,1785,1853,1795,1780,1866.5,1840,1802.5,1825,1845,1830,1797.5,1895,1867.5,1795,1794,1781.5,1760.5,1802.5,1800,1700,1969.5,1800,1785,1985,1989,1800,1850,1797.5,1750,1750,1895
"Malden","MA","Boston","Middlesex",212,,,,,,,,,,,,,,,1275,1285,1365,1382,1393,1394.5,1394,1395,1399,1365,1390,1400,1400,1500,1500,1360,1500,1490,1606,1631,1560,1614.5,1600,1395,1395,1395,1395,1395,1400,1394.5,1350,1350,1350,1495,1495,1495,1495,1422.5,1450,1450,1495,1450,1495,1495,1400,1495,1450,1450,1450,1450,1450,1450,1450,1522.5,1500,1608,1475,1500,1500,1500,1500,1500,1500,1597.5,1595,1420,1500,1450,1500,1512.5,1552.5,1550,1600,1682.5,1700
"Newport Beach","CA","Los Angeles-Long Beach-Anaheim","Orange",213,,,,,,,,,,,,,,,,,,,,,,,,,,,,,,,,,,,,,,,,,,,,,,,,,,,,,,,,,,2130,2165,2110,2110,2095,2050,2065,2195,2100,2110,2230,2305,2350,2330,2280,2290,2260,2245,2292.5,2240,2190,2372.5,2270,2240,2242.5,2205,2405,2285,2257.5,2150,2132.5,2245
"Gaithersburg","MD","Washington","Montgomery",214,,,,,,,,,,,,,,,,,,,,,,,,,,,,,,1625,1351.5,1280,1291,1425,1508,1415,1480,1502.5,1495,1464,1495,1415,1475,1360,1340,1430,1595,1595,1315,1345,1365,1352,1395,1497.5,1550,1500,1505,1505,1491,1500,1482,1480,1450,1450.5,1431,1415,1415,1433,1420,1403,1394.5,1431,1425,1425,1416.5,1432.5,1343,1387,1385,1412.5,1399,1228,1317,1292.5,1430,1395,1350,1417.5,1389
"San Clemente","CA","Los Angeles-Long Beach-Anaheim","Orange",215,,,,,,,,,,,,,,,,,,,,,,,,,,,,,,,,,,,,,,,,,,,,,,,,,,,,,,,,,,,,,,,,,,,,,,,,,,,,,1840,1901,1725.5,1729.5,1696,1717,1694,1660.5,1675,1807.5,1806,1785.5,1757
"Bayonne","NJ","New York","Hudson",216,,,,,,,,,,,,,,,,,,,,,,,,,,,,,,,,,,,,,,,,,,,,,,,,,,,,,,,,,,,,,,,,,,,,,,,,,,,,,,1300,1195,1195,1150,1150,1195,1250,1250,1250,1200,1250,1250
"White Plains","NY","New York","Westchester",217,,,,,,,,,,2062.5,2075,1977.5,1900,2025,2097.5,1985,2100,2100,2062.5,2000,1825,1800,1800,1825,1800,1850,1750,1775,1950,1850,1775,1775,1992.5,2100,2190,2195,2120,2150,2125,2100,2100,2090,2112.5,2121.5,2145,2017.5,2042.5,2000,2004.5,2000,2000,2112.5,2100,2100,2100,2050,1850,2075,2100,2200,2300,2112.5,2147.5,2220,2000,1950,2100,2162.5,2200,2147.5,2125,2100,2060,2000,2000,2025,2022.5,1975,2000,2100,2125,2050,1800,1975,2000,1925,2000,2106,2184
"Medford","MA","Boston","Middlesex",218,,,,,,,,,,,,,,,,,,,,,,,,,,,,,,,,,,,,,,,,,,,,,,,,,,,,,,,,,,,,,,,,1497.5,1600,1650,1675,1775,1795,1795,1700,1550,1500,1600,1600,1600,1682.5,1800,1625,1600,1625,1572.5,1675,1700,1725,1575,1850,1995,1850
"Deerfield Beach","FL","Miami-Fort Lauderdale","Broward",219,,,,,,,,,,,,,1100,1000,975,995,925,912.5,900,900,975,900,1000,995,1025,1050,1025,1095,1122.5,1180,1062.5,1110,1200,1165,1140,1100,1082.5,1080,1075,950,1000,1020,1050,1075,1062.5,1200,1100,1100,1050,1050,1072.5,1100,1057.5,1172.5,1277.5,1155,1195,1150,1100,1100,1100,1000,1000,1000,1112.5,1112.5,1025,1075,1050,1200,1235,1262.5,1150,1250,1213,1217.5,1050,1199,1190,1195,1100,1225,1295,1280.5,1252.5,1291,1300,1304,1301
"Altamonte Springs","FL","Orlando","Seminole",220,,,,,,,,,,,,,,,,,,,690,690,690,690,720,770,750,728,720,712.5,707,737,735,725,727,737,727,727,735,774,760,765,760,700,699.5,699,695,695.5,725,750,750,739,737,757,775,757,750,750,750,750,740,740,750,767.5,759,765,770,809,822.5,829,850,874,884.5,900,891.5,904,939,850,929,908,900,959,860,912.5,894,944,958,953.5,965,985.5,983
"Weymouth","MA","Boston","Norfolk",221,,,,,,,,,,,,,,,,,,,,,,,,,,,,,,,,,,,,,,,,,,,,,,,,,,,,,,,,,,,,,,,,,,,,,,,,,,,,,1640,1600,1639,1614,1539.5,1625,1554,1512,1586,1642,1615,1662,1742
"Broomfield","CO","Denver","Broomfield",222,,,,,,,,,,,,,,,,,,,,,,,,,,,,,,,1058,1090,1070,1049.5,1040,1016,1055,1059,1112,1145,1123,1159,1167,1142.5,1167.5,1160,1171,1167.5,1175,1193.5,1210,1202.5,1199,1220,1210,1222,1200,1231,1227,1175,1175,1175,1175,1238,1249,1261,1274,1266,1279,1366,1359,1359,1369.5,1321.5,1327,1329.5,1358,1362,1334,1369.5,1335,1327,1280,1335,1364.5,1374,1389,1410,1429.5
"Coconut Creek","FL","Miami-Fort Lauderdale","Broward",223,,,,,,,,,,,,,,,,,862.5,897.5,900,900,900,900,900,875,875,920,933.5,932.5,980,1000,925,950,953,995,995,1000,995,985,950,950,975,975,977.5,1000,1000,1000,1000,1000,1000,1000,1000,1000,1000,1000,1050,1001,1050,1050,1050,1049.5,1100,1100,1100,1100,1100,1083,1086.5,1100,1100,1100,1100,1107.5,1150,1195,1163,1176,1187,1195,1248,1199,1205.5,1200,1100,1200,1250,1252.5,1242,1269,1291.5
"Delray Beach","FL","Miami-Fort Lauderdale","Palm Beach",224,,,,,,,,,,,,912.5,885,925,925,925,925,1000,1000,1075,1150,1134,1117,1050,1000,1025,1024,1050,1050,1050,1075,1095,1092,1037,1049.5,1041,1018,1037,1002.5,1046,1000,1050,1050,1096,1100,1133,1100,1100,1100,1100,1100,1133,1196,1150,1185,1150,1127.5,1150,1150,1100,1225,1252.5,1300,1250,1250,1300,1350,1389,1399.5,1393,1325,1299,1210,1250,1312.5,1240,1250,1345,1400,1545,1300,1400,1200,1400,1400,1432,1398,1445,1422
"Rockville","MD","Washington","Montgomery",225,,,,,,,,,,,,,,,,,,,,,,1615,1655,1776.5,1568.5,1600,1745,1725,1695,1725,1727.5,1700,1680,1675,1700,1725,1734.5,1742,1660,1661,1709,1680,1760,1603,1611,1616,1597,1597,1643,1629,1635,1609,1637,1638,1534,1545,1509,1566,1560,1518,1590,1559,1589.5,1589,1616,1616,1616,1685,1660,1702.5,1675,1715,1745,1734,1745,1745,1772.5,1775,1645,1623,1631,1570,1694,1732,1677,1662,1675,1661.5,1679
"The Hammocks","FL","Miami-Fort Lauderdale","Miami-Dade",226,,,,,,,,,,,,,950,925,925,925,950,950,950,950,950,925,950,950,970,990,1000,1025,1012.5,1027.5,1025,1020,1000,1000,975,1027.5,1025,1070,1040,1020,1047.5,1045,1030,1015,1099.5,1100,1050,1045,1050,1050,1085,1100,1100,1100,1125,1150,1150,1200,1200,1175,1100,1105,1177.5,1200,1195,1200,1205,1220,1250,1295,1250,1255,1250,1278,1300,1300,1300,1300,1300,1300,1300,1300,1256,1300,1301,1302,1301.5,1333.5,1328
"Missoula","MT","Missoula","Missoula",227,,,,,,,,,,,,,,,,,,,,,,,,,,625,625,620,622.5,625,650,662.5,675,695,665,617.5,595,616.5,600,645,645,645,645,660,625,625,615,625,620,617.5,645,650,645,650,675,647.5,645,615,695,695,675,692.5,650,675,682.5,695,695,695,715,797.5,775,695,735,750,742.5,740,695,735,695,725,695,695,685,750,725,747.5,715,725,750
"West New York","NJ","New York","Hudson",228,,,,,,,,,,,,,,,,,,,,,,,,,,,,,,,,,,,,,,,,,,,,,,,,,,,,,,,,,,,,,,,,,,,,,,,,,,,,1550,1395,1275,1350,1375,1400,1395,1350,1450,1395,1395,1575,1495,1472.5
"Euless","TX","Dallas-Fort Worth","Tarrant",229,,,,,,,,,,,,,,,,,,,,,,,,,,,,,,,,,,,,,,,,,,,,,,,,,,,,,,,,,,,,,,,,795,812.5,835,835,845,824,733.5,724.5,746,791,809,828,795,902.5,890,896,925,924,921,876,980,1015,981,988,1049,1005
"Hoboken","NJ","New York","Hudson",230,,,,,,,,,,,,2150,2100,2187,2200,2237.5,2250,2100,2103,2170,2250,2372.5,2270,2350,2245,2200,2250,2225,2300,2273.5,2300,2400,2315,2300,2200,2250,2200,2350,2400,2300,2350,2300,2300,2245,2299,2300,2300,2200,2000,1995,2000,2200,2200,2200,2300,2300,2300,2300,2350,2250,2200,2150,2175,2200,2200,2300,2300,2350,2400,2350,2400,2400,2400,2450,2350,2200,2200,2280,2287.5,2275,2200,2100,2150,2190,2250,2250,2250,2300,2300
"Brookline","MA","Boston","Norfolk",231,,,,,,,,,,,,,1825,1825,1700,1715,1700,1725,1775,1840,1840,1795,1825,1900,1825,1860,1835,1810,1835,1835,1835,1850,1835,1835,1860,1900,1925,1950,1950,1925,1900,1910,1930,1950,1965,1950,1950,1925,1915,1930,1950,1915,1950,1950,1950,1950,1950,1950,1975,1992.5,1950,1972.5,2000,2000,1995,1997.5,2000,2025,2000,2000,2050,2050,2023,2050,2050,2095,2070,2095,2050,2000,2030,1995,2152,2050,2050,2050,2100,2100,2100
"North Miami","FL","Miami-Fort Lauderdale","Miami-Dade",232,,,,,,,,,862.5,850,850,835,850,850,875,875,850,875,850,882.5,900,900,899,895,899.5,900,900,900,900,900,900,900,900,900,900,900,925,950,962.5,950,950,970,999,1000,975,985,975,999.5,975,975,975,995,1000,1000,1000,1037.5,1000,1035,1000,1000,982.5,1000,1000,1070,1125,1200,1200,1100,1095,1150,1200,1230,1200,1200,1125,1125,1189,1100,1100,1050,1125,1197.5,1195,1195,1200,1200,1221,1200,1200
"Milford","CT","New Haven","New Haven",233,,,,,,,,,,,,,,,,,,,,,,,,,,,,,,,,,,,,,,,,,,,,,,,,,,,,,,,,,,,,,,,1300,1300,1300,1495,1430,1500,1425,1437.5,1497,1467.5,1495,1487,1495,1495,1525,1500,1450,1525,1399,1410,1437.5,1492,1495,1500,1500,1550,1500
"Mc Lean","VA","Washington","Fairfax",234,,,,,,,,,,,,,,,,,,,,,,,,,,,,,1795,1710,1697.5,1752.5,1827.5,1695,1692.5,1800,1850,1790,1674,1694,1700,1646,1600,1590,1650,1652,1760,1750,1747.5,1700,1770,1665,1750,1775,1672.5,1653,1670,1745,1730,1805,1962.5,1901,1750,1795,1795,1750,1758,1825,1735.5,1700,1723,1725,1722.5,1687,1700,1760,1897,1800,1700,1773.5,1675,1673,1830,1805,1870,2064,1901.5,1861,1850
"Aliso Viejo","CA","Los Angeles-Long Beach-Anaheim","Orange",235,,,,,,,,,,,,,,,,,,,,,,,,,,,,,,,,,,,,,,,,,,,,,,,,,,,,,,,,,,,,,1630,1699,1700.5,1694,1700,1746.5,1720,1715.5,1690,1712,1703,1739,1725.5,1792.5,1772,1790,1795,1830,1788.5,1782,1756.5,1884,1903.5,1810,1900,1875,1910,1935,1935
"Doral","FL","Miami-Fort Lauderdale","Miami-Dade",236,,,,,,,,,,,,1050,1050,1150,1200,1200,1200,1250,1200,1200,1200,1200,1200,1200,1200,1185,1200,1200,1250,1200,1212.5,1250,1237.5,1200,1200,1220,1200,1200,1200,1200,1200,1250,1225,1250,1250,1200,1225,1220,1220,1220,1250,1300,1300,1250,1300,1325,1300,1350,1345,1300,1300,1350,1350,1350,1350,1400,1470,1412.5,1400,1500,1540,1550,1550,1597.5,1470,1545,1470,1500,1450,1500,1500,1725,1500,1678,1680,1680,1639,1600,1650
"North Bethesda","MD","Washington","Montgomery",237,,,,,,,,,,,,,,,,,,,,,,,,,,,,,,,,,,,,,,,,,,,,,,,,,,,,,,,,,,,,,,,,,,,,,,,,,,,,,1600.5,1650,1593,1715.5,1750,1647,1585,1666.5,1673,1810.5,1700,1729.5,1740
"Charlottesville","VA","Charlottesville","Albemarle",238,,,,,,,,,,,,,,,,,,,,,,,,800,825,825,800,807,900,806,800,772.5,800,800,835,865,865,862.5,922.5,850,895,945,945,947.5,962.5,995,897,795,795,800,850,920.5,920,899.5,887.5,895,870,785,780,848,848,850,875,875,920,900,925,899.5,900,900,900,900,950,902.5,912.5,850,925,925,900,942.5,917,845,934,995,1000,995,975,984,1002.5
"Arlington","MA","Boston","Middlesex",239,,,,,,,,,,,,,,,,,,,,,,,,,,,,,,,,,,,,,1425,1400,1400,1437.5,1375,1375,1395,1375,1375,1400,1400,1400,1400,1400,1400,1400,1450,1450,1450,1450,1425,1430,1400,1400,1400,1425,1450,1462.5,1495,1572.5,1550,1495,1495,1450,1495,1500,1550,1495,1550,1550,1550,1600,1550,1500,1500,1525,1500,1550,1600,1600,1600,1625,1650
"Cedar Park","TX","Austin","Williamson",240,,,,,,,,,,,,,,,,,,,,,,755,725,750.5,773,807.5,775,792,792.5,756,755,784,791,784,795,820,814,825,795,815,805,822.5,825,840,839,852,876,895,877.5,899,875,954,870,874.5,870,861,872.5,857,840,840,845,842.5,870,875,880,889,889,886,920,925,939,950,922,944,967,974,973,1043.5,959,1024,1004.5,912,919,997.5,988.5,980,943.5,954,999
"Oakland Park","FL","Miami-Fort Lauderdale","Broward",241,,,,,,,,,,,,,745,750,800,821,800,799,800,850,850,805,825,825,805,825,825,825,850,850,840,825,825,825,850,850,850,850,850,850,850,862.5,850,867.5,850,855,885,895,895,897.5,900,900,900,925,900,912.5,900,950,975,950,975,950,950,975,990,975,975,975,1000,1000,1040,1000,1015,1010,1000,1050,1000,1000,1050,970,1000,1042.5,1040,990,995,1005,1045,1100,1100
"Dunwoody","GA","Atlanta","Dekalb",242,,,,,,,,,,,,,,,,,,,,,890,890,859,894.5,959,947,925,965,975,978,945,998,1048,1011,991,947,963,995,995,1011,995,999,973,985,1029,1050,1003,955,959,955,979,1065,1135,1120,1125,1165,1110,1127,1105,1118,1110,1085,1073,1097.5,1116.5,1109,1165,1160,1160,1146,1160,1220,1219.5,1220,1249.5,1240,1227.5,1240,1214.5,1172,1215,1240,1173,1235,1257,1242.5,1269,1275,1314
"Grapevine","TX","Dallas-Fort Worth","Tarrant",243,,,,,,,,,,,,,,,,,,,,,817,830,795,830,900,905,830,941,965,864,908,908,975,985,982.5,911.5,929.5,923,944.5,956,983,1021,1023,940,985,969,979,999,1077,1059,1087,1094,1064.5,1039,1029,1055,1069.5,1059,1045,1056,1053,1044.5,1100,1169,1200,1169,1164.5,1183,1179,1167.5,1159,1119,1134,1199,1199,1219,1299,1279,1229,1289,1184,1189,1226.5,1274,1259,1200,1269,1315,1310
"Sarasota","FL","North Port-Sarasota-Bradenton","Sarasota",244,,,,,,,,,,,,,,,,,,,,,,,,,,,,,,,,,,,,,,,,,,,,,,,,,,,,,,,,,,,,,,,,,,,,,,,1376,1250,1248,1245,1181.5,1222.5,1146.5,1118,1135,1188,1173,1213,1150,1225.5,1239,1250,1233,1230,1204
"Bothell","WA","Seattle","Snohomish",245,,,,,,,,,,,,,,,,,,,,,,,,,,,,,,,,,,,,,,,,,,,,,,,,1099,1107,1102.5,1187,1195,1260,1235,1272.5,1247.5,1223,1258.5,1204,1225,1275,1285,1300,1315,1357,1395,1395,1372.5,1415.5,1425,1397,1395,1425,1465,1425,1470,1495.5,1453,1421,1420,1383.5,1408.5,1385.5,1445,1442.5,1504,1493.5,1541,1545
"Palm Beach Gardens","FL","Miami-Fort Lauderdale","Palm Beach",246,,,,,,,,,,,,,,,,,999.5,1000,987,985,1012,1087.5,1095,1040,1035,1080,1050,1055,1080,1080,1080,1080,1100,1100,1100,1100,1100,1052,1097.5,1100,1120,1100,1100,1150,1200,1100,1200,1200,1200,1200,1200,1195,1220,1222.5,1200,1200,1250,1200,1250,1250,1290,1267.5,1260,1255,1250,1250,1257.5,1257.5,1275,1300,1350,1345,1296,1300,1350,1325,1300,1299,1327,1355,1350,1300,1300,1350,1382.5,1395,1400,1350,1365
"Brookhaven","GA","Atlanta","Dekalb",247,,,,,,,,,,,,,,,,,,,,,,,,,,,,,,,,,999,940.5,957,972,917.5,950,969,1012,1001,977,950,969,1092.5,1090,1045,1065,1045,1081,1272.5,1272.5,1202.5,1297,1299,1275,1142.5,1110,1107.5,1120,1120,1100,1115,1245,1225,1265,1275,1265,1189,1142.5,1146,1294,1247.5,1330,1353.5,1360,1260,1308.5,1257,1384.5,1288,1314,1208.5,1360,1365,1367.5,1366,1403,1432
"Fishers","IN","Indianapolis","Hamilton",248,,,,,,,,,,,,,,,,,,,,,,,,,,,,,,,,,,,,,,,,,,,,,,,,,,,,,,,,,,,,,,,879,879,879,849,849,846.5,844,899,824,846.5,849,827,810,805,810,805,810,827,899,901.5,899,850,847,837,842,845,840
"Chelsea","MA","Boston","Suffolk",249,,,,,,,,,,,,,,,,,,,,,,,,,,,,,,,,,,,,,,,,,,,,,,,,,,,,,,,,,,,,,,,,,,,,,,,,,,,,,,1637.5,1700,1747.5,1745,1625,1550,1550,1600,1600,1575,1650,1662.5
"Woburn","MA","Boston","Middlesex",250,,,,,,,,,,,,,,,,,,,,,,,,1491,1417.5,1395,1295,1392,1395,1295,1295,1295,1395,1395,1395,1474,1350,1300,1295,1295,1300,1295,1295,1285,1295,1295,1275,1295,1325,1325,1325,1325,1325,1325,1400,1397.5,1445,1395,1377.5,1275,1275,1300,1275,1325,1325,1395,1385,1325,1325,1325,1395,1400,1385,1450,1400,1450,1450,1395,1325,1325,1425,1375,1372.5,1400,1450,1425,1450,1450,1500
"Hurst","TX","Dallas-Fort Worth","Tarrant",251,,,,,,,,,,,,,,,,,,,,,,,,,,,,,,,,,,,,,,,,,,,,,,,,,,,,,,,,,,,,,,,628.5,625,675,682,671,705,717,711,699,699,703,731,750,752,727,706,702,718,734,749,723,737,753,756.5,756,784,804
"West Hollywood","CA","Los Angeles-Long Beach-Anaheim","Los Angeles",252,,,,,,,,,,,,,,,,,,,,,,,,,,,,,,,2114.5,1997.5,1965,1908,1850,1945,1922.5,1850,1850,1975,1895,1950,1800,1897.5,1995,1872.5,1895,1895,1850,1895,1895,2109,2195,2250,2125,2150,2150,2100,2172.5,2000,2247,1995,2095,2302,2350,2400,2355,2347.5,2297.5,2175,2295,2495,2551,2600,2600,2536,2375,2500,2199,2300,2195,2395,2250,2520,2395,2397.5,2415,2450,2452.5
"Aventura","FL","Miami-Fort Lauderdale","Miami-Dade",253,,,,,,,,,1350,1287.5,1375,1300,1300,1299.5,1300,1330,1300,1300,1350,1350,1400,1382.5,1399.5,1400,1400,1400,1400,1450,1400,1400,1425,1450,1450,1450,1450,1450,1450,1499.5,1475,1463,1450,1500,1500,1500,1550,1550,1550,1550,1577,1550,1550,1500,1550,1572,1550,1550,1600,1600,1599,1650,1650,1645,1600,1629.5,1650,1609,1600,1600,1600,1600,1600,1650,1650,1690,1650,1600,1600,1559,1600,1559,1590,1550,1543,1580,1590,1600,1600,1623,1650
"Foster City","CA","San Francisco","San Mateo",254,,,,,,,,,,,,,,,,,,,,,,,,,,,,,,,,,,,,,,,,,,,,,,,,,,,,,,,,,,,,,,2563,2555,2600.5,2650.5,2683.5,2680,2655,2678,2699.5,2806.5,2783,2783,2828,2873,2741,2785,2779,2815.5,2668,2668,2707.5,2725.5,2810,2887,2908,2985,2974.5,2878
"North Miami Beach","FL","Miami-Fort Lauderdale","Miami-Dade",255,,,,,,,,,,,,825,857.5,850,900,875,877,900,879,875,895,900,900,900,982.5,950,925,912.5,900,900,900,900,925,910,900,900,900,900,925,925,950,975,950,900,900,900,900,949.5,975,997.5,1000,1000,975,985,1050,1050,1100,1100,1100,1095,1100,1250,1200,1100,1105.5,1100,1100,1150,1150,1100,1100,1105.5,1185,1185,1195,1195,1200,1200,1200,1190,1200,1200,1145,1200,1200,1162.5,1100,1200,1200
"Long Beach","NY","New York","Nassau",256,,,,,,,,,,,,,,,,,,,,,,1500,1500,1550,1600,1650,1675,1650,1650,1625,1675,1650,1650,1750,1800,1750,1700,1750,1700,1700,1725,1700,1650,1650,1650,1650,1625,1600,1600,1600,1600,1725,1750,1697.5,1750,1780,1795,1675,1750,1800,1750,1760,1775,1782.5,1800,1862.5,1850,1850,1775,1825,1850,1795,1795,1850,1850,1950,1890,1900,1800,1795,1772.5,1795,1787.5,1822.5,1862.5,1897.5,1900,1850,1867.5
"Watertown","MA","Boston","Middlesex",257,,,,,,,,,,,,,,,,,,,,,,,,,,,,,,,,,,,,,,,,,,,,,1675,1650,1800,1680.5,1650,1600,1650,1750,1900,1890,1800,1750,1600,1650,1700,1890,2039.5,1900,1968,1900,1900,1900,1900,2000,2051,1900,1775,1900,1890,1936,1900,1850,1850,1700,1697.5,1800,1800,1650,1850,2095,2127,2059,1900,1890,1850
"Laguna Beach","CA","Los Angeles-Long Beach-Anaheim","Orange",258,,,,,,,,,,,,,,,,,,,,,,,,,,,,2422.5,2300,2320,2010,2275,2100,2320,2320,2500,2320,2300,2300,2300,2500,2320,2200,2272.5,2100,2095,2095,1985,2250,2350,2350,2250,2500,2572.5,2800,2500,2472.5,2550,2500,2595,2495,2500,2597.5,2575,2672.5,2900,2795,2795,2595,2500,2547.5,2525,2695,2697.5,2695,2695,2800,2950,2700,2600,2695,2600,2500,2800,2850,2725,2695,2872.5,2600
"Sunny Isles Beach","FL","Miami-Fort Lauderdale","Miami-Dade",259,,,,,,,,,1250,1375,1300,1300,1200,1250,1250,1250,1272.5,1298.5,1300,1300,1300,1350,1350,1350,1362.5,1450,1500,1525,1500,1500,1435,1450,1450,1500,1500,1500,1475,1450,1475,1500,1600,1600,1550,1550,1550,1500,1500,1525,1550,1500,1550,1585,1582.5,1600,1600,1600,1600,1700,1675,1700,1700,1872.5,1900,1862.5,1800,1800,1800,1700,1712.5,1800,1900,1850,1750,1800,1750,1625,1800,1600,1662.5,1700,1700,1725,1700,1600,1650,1790,1700,1625,1650
"Ypsilanti","MI","Ann Arbor","Washtenaw",260,,,,,,,,,,,,,,,,,,,,,,,,,,,,,,,,,,,,,,,,,,,,,,,,,,,,,,,,,,,,,637.5,645,709,729,700,724,739,800,799,789,794,727,675,695,732,750,710,725,757,759,784,759,769,769,705,725,735,737,769
"Bronxville","NY","New York","Westchester",261,,,,,,,,,,,,,,,,,,,,,,,,,,,,,,,,,,,,,,,,,,,,,,,,,,,,,,,2300,2620,2300,2690,2690,2757.5,2790,2675,2675,2682.5,2665,2575,2620,2675,2200,2275,2375,2587.5,2250,2575,2350,2675,2600,2690,2575,2690,2682.5,2670,2670,2690,2222.5,2525,2475,2200,2575
"Newport","RI","Providence","Newport",262,,,,,,,,,,,,,,,,,1125,1100,1000,1075,1100,1100,1100,1050,1075,1075,1062.5,1100,1100,1100,1000,1000,1050,1100,1000,995,1000,1000,1000,1000,975,975,1100,1100,1125,1100,1100,1100,1050,1100,1100,1200,1200,1200,1200,1200,1100,1100,1200,1200,1200,1200,1250,1262.5,1225,1250,1300,1300,1250,1200,1200,1200,1295,1250,1300,1300,1300,1400,1300,1300,1250,1250,1200,1300,1300,1262.5,1300,1375,1400
"Plainsboro Township","NJ","New York","Middlesex",263,,,,,,,,,,,,,,,,,,,,,,,,,,,,,,,,,,,,,,,,,,,,,,,,,,,,,,,,,,,,,,,,,,,,,,,,,,,,,1210,1215,1280,1275,1210,1200,1200,1275,1262.5,1295,1370,1430.5,1395
"Town of Islip","NY","New York","Suffolk",264,,,,,,,,,,,,1235,1255.5,1260.5,1299.5,1275,1350,1350,1330,1350,1350,1385,1380,1400,1425,1400,1380,1430,1400,1395,1420,1400,1395,1425,1402.5,1350,1385,1400,1440,1392,1300,1390,1450,1475,1480,1495,1495,1459.5,1459.5,1450,1435,1495,1495,1495,1510,1525,1525,1527.5,1445,1447.5,1470,1500,1500,1425,1470,1500,1500,1500,1400,1460,1522,1420,1430,1555,1580,1572.5,1655,1600,1635,1550,1640,1675,1650,1686,1680,1697.5,1695,1701,1745
"Jollyville","TX","Austin","Williamson",265,,,,,,,,,,,,,,,,,,,,,,,,,,,,,,,,,,,,,,,,,,,,,,,,,,,,,,,,,,,,,,,,,,,,,,839.5,835,838,835,834.5,835,833,849,849,815,849.5,818,825,800,813,816,870.5,892,883,875
"Marina del Rey","CA","Los Angeles-Long Beach-Anaheim","Los Angeles",266,,,,,,,,,,,,,,,,,,,,,,,,,,,,,,,,,2490,2461.5,2475.5,2500,2350,2333,2397.5,2352,2408,2350,2350,2500,2500,2375,2500,2500,2585,2590,2650,2683.5,2625,2600,2550,2675,2717.5,2735,2710,2780,2850,2822.5,2850,2727.5,2795,2795,2860,2850,2870,2837.5,2850,2850,2850,2850,2800,2800,2844,2495,2800,2897.5,2900,2867.5,2827,3079.5,3095,3108,3255,3241.5,3190.5
"Huntington","VA","Washington","Fairfax",267,,,,,,,,,,,,,,,,,,,,,,,,,,,,,,,,,,,,,,,,,,,,,,,,1620,1600,1549,1537,1549,1438,1499,1512.5,1500,1467.5,1475,1500,1497.5,1500,1585,1564.5,1559,1650,1592.5,1575,1660,1672.5,1450,1400,1475.5,1544,1475,1600,1580,1640,1495,1567,1395,1550,1468,1454,1562,1625,1713,1685.5,1655,1682
"Addison","TX","Dallas-Fort Worth","Dallas",268,,,,,,,,,,,,,,,,,,,,,,,,,,,,,,,,,,,,,,,,,,1079,900,1015,1015,1004.5,999,1087,1084,1097,1122.5,1082,1135,1097.5,1035,1067,1069,1125,1112,1122,1117,1117,1184,1183,1193,1144,1193,1171.5,1160.5,1172,1089,1140,1255,1245,1191,1248,1229,1099,1205,1229,1258,1211,1140,1280,1281,1205,1207.5,1251.5,1263
"North Bay Village","FL","Miami-Fort Lauderdale","Miami-Dade",269,,,,,,,,,,,,,1050,1100,1150,1100,1150,1125,1200,1200,1215,1200,1200,1250,1250,1230,1225,1200,1200,1200,1200,1225,1225,1275,1250,1250,1300,1300,1300,1300,1300,1387,1399.5,1350,1350,1400,1399.5,1400,1425,1437.5,1398,1400,1398,1375,1350,1500,1500,1500,1500,1600,1600,1600,1600,1652.5,1712,1650,1650,1690,1650,1600,1650,1638.5,1650,1650,1725,1800,1600,1790,1600,1700,1650,1700,1547.5,1799,1680,1600,1650,1675,1675
